book,chapter,verse,initial_difference_category,pdf_html_text_before_update,bolls_reference_text_before_cleanup,bolls_text_applied_or_cleanup_target,final_html_text,action,reason_or_note
1 Chronicles,11,3,edition difference in wording,"Therefore all the elders of Israel came to the king at Hebron, and David made a covenant with them at Hebron before the LORD. Then they anointed David king over Israel, according to the word of the LORD by Samuel.","Therefore all the elders of Israel came to the king at Hebron, and David made a covenant with them at Hebron before the LORD. And they anointed David king over Israel, according to the word of the LORD by Samuel.","Therefore all the elders of Israel came to the king at Hebron, and David made a covenant with them at Hebron before the LORD. And they anointed David king over Israel, according to the word of the LORD by Samuel.","Therefore all the elders of Israel came to the king at Hebron, and David made a covenant with them at Hebron before the LORD. And they anointed David king over Israel, according to the word of the LORD by Samuel.",Fixed: verse text aligned to Bolls.life reference,"The updated verse was rebuilt from the reference text. Comparison ignores punctuation, capitalization, and italic styling."
1 Chronicles,11,5,edition difference in wording,"Then the inhabitants of Jebus said to David, ""You shall not come in here!"" Nevertheless David took the stronghold of Zion (that is, the City of David).","But the inhabitants of Jebus said to David, “You shall not come in here!” Nevertheless David took the stronghold of Zion (that is, the City of David).","But the inhabitants of Jebus said to David, “You shall not come in here!” Nevertheless David took the stronghold of Zion (that is, the City of David).","But the inhabitants of Jebus said to David, “You shall not come in here!” Nevertheless David took the stronghold of Zion (that is, the City of David).",Fixed: verse text aligned to Bolls.life reference,"The updated verse was rebuilt from the reference text. Comparison ignores punctuation, capitalization, and italic styling."
1 Chronicles,11,9,edition difference in wording,"Then David went on and became great, and the LORD of hosts was with him.","So David went on and became great, and the LORD of hosts was with him.","So David went on and became great, and the LORD of hosts was with him.","So David went on and became great, and the LORD of hosts was with him.",Fixed: verse text aligned to Bolls.life reference,"The updated verse was rebuilt from the reference text. Comparison ignores punctuation, capitalization, and italic styling."
1 Chronicles,11,13,edition difference in wording,"He was with David at Pasdammim. Now there the Philistines were gathered for battle, and there was a piece of ground full of barley. And the people fled from the Philistines.","He was with David at Pasdammim. Now there the Philistines were gathered for battle, and there was a piece of ground full of barley. So the people fled from the Philistines.","He was with David at Pasdammim. Now there the Philistines were gathered for battle, and there was a piece of ground full of barley. So the people fled from the Philistines.","He was with David at Pasdammim. Now there the Philistines were gathered for battle, and there was a piece of ground full of barley. So the people fled from the Philistines.",Fixed: verse text aligned to Bolls.life reference,"The updated verse was rebuilt from the reference text. Comparison ignores punctuation, capitalization, and italic styling."
1 Chronicles,14,10,edition difference in wording,"And David inquired of God, saying, ""Shall I go up against the Philistines? Will You deliver them into my hand?"" And the LORD said to him, ""Go up, for I will deliver them into your hand.""","And David inquired of God, saying, “Shall I go up against the Philistines? Will You deliver them into my hand?” The LORD said to him, “Go up, for I will deliver them into your hand.”","And David inquired of God, saying, “Shall I go up against the Philistines? Will You deliver them into my hand?” The LORD said to him, “Go up, for I will deliver them into your hand.”","And David inquired of God, saying, “Shall I go up against the Philistines? Will You deliver them into my hand?” The LORD said to him, “Go up, for I will deliver them into your hand.”",Fixed: verse text aligned to Bolls.life reference,"The updated verse was rebuilt from the reference text. Comparison ignores punctuation, capitalization, and italic styling."
1 Chronicles,18,4,edition difference in wording,"David took from him one thousand chariots, seven thousand horsemen, and twenty thousand foot soldiers. And David also hamstrung all the chariot horses, except that he spared enough of them for one hundred chariots.","David took from him one thousand chariots, seven thousand horsemen, and twenty thousand foot soldiers. Also David hamstrung all the chariot horses, except that he spared enough of them for one hundred chariots.","David took from him one thousand chariots, seven thousand horsemen, and twenty thousand foot soldiers. Also David hamstrung all the chariot horses, except that he spared enough of them for one hundred chariots.","David took from him one thousand chariots, seven thousand horsemen, and twenty thousand foot soldiers. Also David hamstrung all the chariot horses, except that he spared enough of them for one hundred chariots.",Fixed: verse text aligned to Bolls.life reference,"The updated verse was rebuilt from the reference text. Comparison ignores punctuation, capitalization, and italic styling."
1 Chronicles,19,6,edition difference in wording,"When the people of Ammon saw that they had made themselves repulsive to David, Hanun and the people of Ammon sent a thousand talents of silver to hire for themselves chariots and horsemen from Mesopotamia, from Syrian Maachah, and from Zobah.","When the people of Ammon saw that they had made themselves repulsive to David, Hanun and the people of Ammon sent a thousand talents of silver to hire for themselves chariots and horsemen from Mesopotamia, from Syrian Maacah, and from Zobah.","When the people of Ammon saw that they had made themselves repulsive to David, Hanun and the people of Ammon sent a thousand talents of silver to hire for themselves chariots and horsemen from Mesopotamia, from Syrian Maacah, and from Zobah.","When the people of Ammon saw that they had made themselves repulsive to David, Hanun and the people of Ammon sent a thousand talents of silver to hire for themselves chariots and horsemen from Mesopotamia, from Syrian Maacah, and from Zobah.",Fixed: verse text aligned to Bolls.life reference,"The updated verse was rebuilt from the reference text. Comparison ignores punctuation, capitalization, and italic styling."
1 Chronicles,19,7,edition difference in wording,"So they hired for themselves thirty– two thousand chariots, with the king of Maachah and his people, who came and encamped before Medeba. Also the people of Ammon gathered together from their cities, and came to battle.","So they hired for themselves thirty-two thousand chariots, with the king of Maacah and his people, who came and encamped before Medeba. Also the people of Ammon gathered together from their cities, and came to battle.","So they hired for themselves thirty-two thousand chariots, with the king of Maacah and his people, who came and encamped before Medeba. Also the people of Ammon gathered together from their cities, and came to battle.","So they hired for themselves thirty-two thousand chariots, with the king of Maacah and his people, who came and encamped before Medeba. Also the people of Ammon gathered together from their cities, and came to battle.",Fixed: verse text aligned to Bolls.life reference,"The updated verse was rebuilt from the reference text. Comparison ignores punctuation, capitalization, and italic styling."
1 Chronicles,2,31,edition difference in wording,"The son of Appaim was Ishi, the son of Ishi was Sheshan, and Sheshan’s child was Ahlai.","The son of Appaim was Ishi, the son of Ishi was Sheshan, and Sheshan’s son was Ahlai.","The son of Appaim was Ishi, the son of Ishi was Sheshan, and Sheshan’s son was Ahlai.","The son of Appaim was Ishi, the son of Ishi was Sheshan, and Sheshan’s son was Ahlai.",Fixed: verse text aligned to Bolls.life reference,"The updated verse was rebuilt from the reference text. Comparison ignores punctuation, capitalization, and italic styling."
1 Chronicles,21,9,edition difference in wording,"And the LORD spoke to Gad, David’s seer, saying,","Then the LORD spoke to Gad, David’s seer, saying,","Then the LORD spoke to Gad, David’s seer, saying,","Then the LORD spoke to Gad, David’s seer, saying,",Fixed: verse text aligned to Bolls.life reference,"The updated verse was rebuilt from the reference text. Comparison ignores punctuation, capitalization, and italic styling."
1 Chronicles,21,21,edition difference in wording,"Then David came to Ornan, and Ornan looked and saw David. And he went out from the threshing floor, and bowed before David with his face to the ground.","So David came to Ornan, and Ornan looked and saw David. And he went out from the threshing floor, and bowed before David with his face to the ground.","So David came to Ornan, and Ornan looked and saw David. And he went out from the threshing floor, and bowed before David with his face to the ground.","So David came to Ornan, and Ornan looked and saw David. And he went out from the threshing floor, and bowed before David with his face to the ground.",Fixed: verse text aligned to Bolls.life reference,"The updated verse was rebuilt from the reference text. Comparison ignores punctuation, capitalization, and italic styling."
1 Chronicles,21,23,edition difference in wording,"And Ornan said to David, ""Take it to yourself, and let my lord the king do what is good in his eyes. Look, I also give you the oxen for burnt offerings, the threshing implements for wood, and the wheat for the grain offering; I give it all.""","But Ornan said to David, “Take it to yourself, and let my lord the king do what is good in his eyes. Look, I also give you the oxen for burnt offerings, the threshing implements for wood, and the wheat for the grain offering; I give it all.”","But Ornan said to David, “Take it to yourself, and let my lord the king do what is good in his eyes. Look, I also give you the oxen for burnt offerings, the threshing implements for wood, and the wheat for the grain offering; I give it all.”","But Ornan said to David, “Take it to yourself, and let my lord the king do what is good in his eyes. Look, I also give you the oxen for burnt offerings, the threshing implements for wood, and the wheat for the grain offering; I give it all.”",Fixed: verse text aligned to Bolls.life reference,"The updated verse was rebuilt from the reference text. Comparison ignores punctuation, capitalization, and italic styling."
1 Chronicles,29,30,edition difference in wording,"with all his reign and his might, and the events that happened to him, to Israel, and to all the kingdoms of the lands. 2 Chronicles","with all his reign and his might, and the events that happened to him, to Israel, and to all the kingdoms of the lands.","with all his reign and his might, and the events that happened to him, to Israel, and to all the kingdoms of the lands.","with all his reign and his might, and the events that happened to him, to Israel, and to all the kingdoms of the lands.",Fixed: verse text aligned to Bolls.life reference,"The updated verse was rebuilt from the reference text. Comparison ignores punctuation, capitalization, and italic styling."
1 Chronicles,8,8,edition difference in wording,"And Shaharaim had children in the country of Moab, after he had sent away Hushim and Baara his wives.","Also Shaharaim had children in the country of Moab, after he had sent away Hushim and Baara his wives.","Also Shaharaim had children in the country of Moab, after he had sent away Hushim and Baara his wives.","Also Shaharaim had children in the country of Moab, after he had sent away Hushim and Baara his wives.",Fixed: verse text aligned to Bolls.life reference,"The updated verse was rebuilt from the reference text. Comparison ignores punctuation, capitalization, and italic styling."
1 Corinthians,14,8,edition difference in wording,"For if the trumpet makes an uncertain sound, who will prepare himself for battle?","For if the trumpet makes an uncertain sound, who will prepare for battle?","For if the trumpet makes an uncertain sound, who will prepare for battle?","For if the trumpet makes an uncertain sound, who will prepare for battle?",Fixed: verse text aligned to Bolls.life reference,"The updated verse was rebuilt from the reference text. Comparison ignores punctuation, capitalization, and italic styling."
1 Corinthians,16,10,edition difference in wording,"Now if Timothy comes, see that he may be with you without fear; for he does the work of the Lord, as I also do.","And if Timothy comes, see that he may be with you without fear; for he does the work of the Lord, as I also do.","And if Timothy comes, see that he may be with you without fear; for he does the work of the Lord, as I also do.","And if Timothy comes, see that he may be with you without fear; for he does the work of the Lord, as I also do.",Fixed: verse text aligned to Bolls.life reference,"The updated verse was rebuilt from the reference text. Comparison ignores punctuation, capitalization, and italic styling."
1 Corinthians,16,24,edition difference in wording,My love be with you all in Christ Jesus. Amen. 2 Corinthians,My love be with you all in Christ Jesus. Amen.,My love be with you all in Christ Jesus. Amen.,My love be with you all in Christ Jesus. Amen.,Fixed: verse text aligned to Bolls.life reference,"The updated verse was rebuilt from the reference text. Comparison ignores punctuation, capitalization, and italic styling."
1 Corinthians,4,4,edition difference in wording,"For I know nothing against myself, yet I am not justified by this; but He who judges me is the Lord.","For I know of nothing against myself, yet I am not justified by this; but He who judges me is the Lord.","For I know of nothing against myself, yet I am not justified by this; but He who judges me is the Lord.","For I know of nothing against myself, yet I am not justified by this; but He who judges me is the Lord.",Fixed: verse text aligned to Bolls.life reference,"The updated verse was rebuilt from the reference text. Comparison ignores punctuation, capitalization, and italic styling."
1 John,5,21,edition difference in wording,"Little children, keep yourselves from idols. Amen. 2 John","Little children, keep yourselves from idols. Amen.","Little children, keep yourselves from idols. Amen.","Little children, keep yourselves from idols. Amen.",Fixed: verse text aligned to Bolls.life reference,"The updated verse was rebuilt from the reference text. Comparison ignores punctuation, capitalization, and italic styling."
1 Kings,10,26,edition difference in wording,"And Solomon gathered chariots and horsemen; he had one thousand four hundred chariots and twelve thousand horsemen, whom he stationed in the chariot cities and with the king in Jerusalem.","And Solomon gathered chariots and horsemen; he had one thousand four hundred chariots and twelve thousand horsemen, whom he stationed in the chariot cities and with the king at Jerusalem.","And Solomon gathered chariots and horsemen; he had one thousand four hundred chariots and twelve thousand horsemen, whom he stationed in the chariot cities and with the king at Jerusalem.","And Solomon gathered chariots and horsemen; he had one thousand four hundred chariots and twelve thousand horsemen, whom he stationed in the chariot cities and with the king at Jerusalem.",Fixed: verse text aligned to Bolls.life reference,"The updated verse was rebuilt from the reference text. Comparison ignores punctuation, capitalization, and italic styling."
1 Kings,22,53,edition difference in wording,"for he served Baal and worshiped him, and provoked the LORD God of Israel to anger, according to all that his father had done. 2 Kings","for he served Baal and worshiped him, and provoked the LORD God of Israel to anger, according to all that his father had done.","for he served Baal and worshiped him, and provoked the LORD God of Israel to anger, according to all that his father had done.","for he served Baal and worshiped him, and provoked the LORD God of Israel to anger, according to all that his father had done.",Fixed: verse text aligned to Bolls.life reference,"The updated verse was rebuilt from the reference text. Comparison ignores punctuation, capitalization, and italic styling."
1 Kings,6,3,edition difference in wording,"The vestibule in front of the sanctuary of the house was twenty cubits long across the width of the house, and the width of the vestible extended ten cubits from the front of the house.","The vestibule in front of the sanctuary of the house was twenty cubits long across the width of the house, and the width of the vestibule extended ten cubits from the front of the house.","The vestibule in front of the sanctuary of the house was twenty cubits long across the width of the house, and the width of the vestibule extended ten cubits from the front of the house.","The vestibule in front of the sanctuary of the house was twenty cubits long across the width of the house, and the width of the vestibule extended ten cubits from the front of the house.",Fixed: verse text aligned to Bolls.life reference,"The updated verse was rebuilt from the reference text. Comparison ignores punctuation, capitalization, and italic styling."
1 Peter,5,14,edition difference in wording,Greet one another with a kiss of love. Peace to you all who are in Christ Jesus. Amen. 2 Peter,Greet one another with a kiss of love. Peace to you all who are in Christ Jesus. Amen.,Greet one another with a kiss of love. Peace to you all who are in Christ Jesus. Amen.,Greet one another with a kiss of love. Peace to you all who are in Christ Jesus. Amen.,Fixed: verse text aligned to Bolls.life reference,"The updated verse was rebuilt from the reference text. Comparison ignores punctuation, capitalization, and italic styling."
1 Samuel,1,15,edition difference in wording,"And Hannah answered and said, ""No, my lord, I am a woman of sorrowful spirit. I have drunk neither wine nor intoxicating drink, but have poured out my soul before the LORD.","But Hannah answered and said, “No, my lord, I am a woman of sorrowful spirit. I have drunk neither wine nor intoxicating drink, but have poured out my soul before the LORD.","But Hannah answered and said, “No, my lord, I am a woman of sorrowful spirit. I have drunk neither wine nor intoxicating drink, but have poured out my soul before the LORD.","But Hannah answered and said, “No, my lord, I am a woman of sorrowful spirit. I have drunk neither wine nor intoxicating drink, but have poured out my soul before the LORD.",Fixed: verse text aligned to Bolls.life reference,"The updated verse was rebuilt from the reference text. Comparison ignores punctuation, capitalization, and italic styling."
1 Samuel,1,23,edition difference in wording,"And Elkanah her husband said to her, ""Do what seems best to you; wait until you have weaned him. Only let the LORD establish His word."" So the woman stayed and nursed her son until she had weaned him.","So Elkanah her husband said to her, “Do what seems best to you; wait until you have weaned him. Only let the LORD establish His word.” Then the woman stayed and nursed her son until she had weaned him.","So Elkanah her husband said to her, “Do what seems best to you; wait until you have weaned him. Only let the LORD establish His word.” Then the woman stayed and nursed her son until she had weaned him.","So Elkanah her husband said to her, “Do what seems best to you; wait until you have weaned him. Only let the LORD establish His word.” Then the woman stayed and nursed her son until she had weaned him.",Fixed: verse text aligned to Bolls.life reference,"The updated verse was rebuilt from the reference text. Comparison ignores punctuation, capitalization, and italic styling."
1 Samuel,13,11,edition difference in wording,"And Samuel said, ""What have you done?"" And Saul said, ""When I saw that the people were scattered from me, and that you did not come within the days appointed, and that the Philistines gathered together at Michmash,","And Samuel said, “What have you done?” Saul said, “When I saw that the people were scattered from me, and that you did not come within the days appointed, and that the Philistines gathered together at Michmash,","And Samuel said, “What have you done?” Saul said, “When I saw that the people were scattered from me, and that you did not come within the days appointed, and that the Philistines gathered together at Michmash,","And Samuel said, “What have you done?” Saul said, “When I saw that the people were scattered from me, and that you did not come within the days appointed, and that the Philistines gathered together at Michmash,",Fixed: verse text aligned to Bolls.life reference,"The updated verse was rebuilt from the reference text. Comparison ignores punctuation, capitalization, and italic styling."
1 Samuel,13,17,edition difference in wording,"Then raiders came out of the camp of the Philistines in three companies. One company turned to the road to Ophrah, to the land of Shual,","Then raiders came out of the camp of the Philistines in three companies. One company turned onto the road to Ophrah, to the land of Shual,","Then raiders came out of the camp of the Philistines in three companies. One company turned onto the road to Ophrah, to the land of Shual,","Then raiders came out of the camp of the Philistines in three companies. One company turned onto the road to Ophrah, to the land of Shual,",Fixed: verse text aligned to Bolls.life reference,"The updated verse was rebuilt from the reference text. Comparison ignores punctuation, capitalization, and italic styling."
1 Samuel,14,34,edition difference in wording,"And Saul said, ""Disperse yourselves among the people, and say to them, ‘Bring me here every man’s ox and every man’s sheep, slaughter them here, and eat; and do not sin against the LORD by eating with the blood.’"" So every one of the people brought his ox with him that night, and slaughtered it there.","Then Saul said, “Disperse yourselves among the people, and say to them, ‘Bring me here every man’s ox and every man’s sheep, slaughter them here, and eat; and do not sin against the LORD by eating with the blood.’ ” So every one of the people brought his ox with him that night, and slaughtered it there.","Then Saul said, “Disperse yourselves among the people, and say to them, ‘Bring me here every man’s ox and every man’s sheep, slaughter them here, and eat; and do not sin against the LORD by eating with the blood.’ ” So every one of the people brought his ox with him that night, and slaughtered it there.","Then Saul said, “Disperse yourselves among the people, and say to them, ‘Bring me here every man’s ox and every man’s sheep, slaughter them here, and eat; and do not sin against the LORD by eating with the blood.’” So every one of the people brought his ox with him that night, and slaughtered it there.",Fixed: verse text aligned to Bolls.life reference,"The updated verse was rebuilt from the reference text. Comparison ignores punctuation, capitalization, and italic styling."
1 Samuel,14,44,edition difference in wording,"And Saul answered, ""God do so and more also; for you shall surely die, Jonathan.""","Saul answered, “God do so and more also; for you shall surely die, Jonathan.”","Saul answered, “God do so and more also; for you shall surely die, Jonathan.”","Saul answered, “God do so and more also; for you shall surely die, Jonathan.”",Fixed: verse text aligned to Bolls.life reference,"The updated verse was rebuilt from the reference text. Comparison ignores punctuation, capitalization, and italic styling."
1 Samuel,15,22,edition difference in wording,"Then Samuel said: ""Has the LORD as great delight in burnt offerings and sacrifices, As in obeying the voice of the LORD? Behold, to obey is better than sacrifice, And to heed than the fat of rams.","So Samuel said: “Has the LORD as great delight in burnt offerings and sacrifices, As in obeying the voice of the LORD? Behold, to obey is better than sacrifice, And to heed than the fat of rams.","So Samuel said: “Has the LORD as great delight in burnt offerings and sacrifices, As in obeying the voice of the LORD? Behold, to obey is better than sacrifice, And to heed than the fat of rams.","So Samuel said: “Has the LORD as great delight in burnt offerings and sacrifices, As in obeying the voice of the LORD? Behold, to obey is better than sacrifice, And to heed than the fat of rams.",Fixed: verse text aligned to Bolls.life reference,"The updated verse was rebuilt from the reference text. Comparison ignores punctuation, capitalization, and italic styling."
1 Samuel,16,2,edition difference in wording,"And Samuel said, ""How can I go? If Saul hears it, he will kill me."" And the LORD said, ""Take a heifer with you, and say, ‘I have come to sacrifice to the LORD.’","And Samuel said, “How can I go? If Saul hears it, he will kill me.” But the LORD said, “Take a heifer with you, and say, ‘I have come to sacrifice to the LORD.’","And Samuel said, “How can I go? If Saul hears it, he will kill me.” But the LORD said, “Take a heifer with you, and say, ‘I have come to sacrifice to the LORD.’","And Samuel said, “How can I go? If Saul hears it, he will kill me.” But the LORD said, “Take a heifer with you, and say, ‘I have come to sacrifice to the LORD.’",Fixed: verse text aligned to Bolls.life reference,"The updated verse was rebuilt from the reference text. Comparison ignores punctuation, capitalization, and italic styling."
1 Samuel,16,7,edition difference in wording,"But the LORD said to Samuel, ""Do not look at his appearance or at the height of his stature, because I have refused him. For the LORD does not see as man sees; for man looks at the outward appearance, but the LORD looks at the heart.""","But the LORD said to Samuel, “Do not look at his appearance or at his physical stature, because I have refused him. For the LORD does not see as man sees; for man looks at the outward appearance, but the LORD looks at the heart.”","But the LORD said to Samuel, “Do not look at his appearance or at his physical stature, because I have refused him. For the LORD does not see as man sees; for man looks at the outward appearance, but the LORD looks at the heart.”","But the LORD said to Samuel, “Do not look at his appearance or at his physical stature, because I have refused him. For the LORD does not see as man sees; for man looks at the outward appearance, but the LORD looks at the heart.”",Fixed: verse text aligned to Bolls.life reference,"The updated verse was rebuilt from the reference text. Comparison ignores punctuation, capitalization, and italic styling."
1 Samuel,17,1,edition difference in wording,"Now the Philistines gathered their armies together to battle, and were gathered together at Sochoh, which belongs to Judah; they encamped between Sochoh and Azekah, in Ephes Dammim.","Now the Philistines gathered their armies together to battle, and were gathered at Sochoh, which belongs to Judah; they encamped between Sochoh and Azekah, in Ephes Dammim.","Now the Philistines gathered their armies together to battle, and were gathered at Sochoh, which belongs to Judah; they encamped between Sochoh and Azekah, in Ephes Dammim.","Now the Philistines gathered their armies together to battle, and were gathered at Sochoh, which belongs to Judah; they encamped between Sochoh and Azekah, in Ephes Dammim.",Fixed: verse text aligned to Bolls.life reference,"The updated verse was rebuilt from the reference text. Comparison ignores punctuation, capitalization, and italic styling."
1 Samuel,17,48,edition difference in wording,"So it was, when the Philistine arose and came and drew near to meet David, that David hastened and ran toward the army to meet the Philistine.","So it was, when the Philistine arose and came and drew near to meet David, that David hurried and ran toward the army to meet the Philistine.","So it was, when the Philistine arose and came and drew near to meet David, that David hurried and ran toward the army to meet the Philistine.","So it was, when the Philistine arose and came and drew near to meet David, that David hurried and ran toward the army to meet the Philistine.",Fixed: verse text aligned to Bolls.life reference,"The updated verse was rebuilt from the reference text. Comparison ignores punctuation, capitalization, and italic styling."
1 Samuel,20,7,edition difference in wording,"""If he says thus: ‘It is well,’ your servant will be safe. But if he is very angry, then be sure that evil is determined by him.","If he says thus: ‘It is well,’ your servant will be safe. But if he is very angry, be sure that evil is determined by him.","If he says thus: ‘It is well,’ your servant will be safe. But if he is very angry, be sure that evil is determined by him.","If he says thus: ‘ It is well,’ your servant will be safe. But if he is very angry, be sure that evil is determined by him.",Fixed: verse text aligned to Bolls.life reference,"The updated verse was rebuilt from the reference text. Comparison ignores punctuation, capitalization, and italic styling."
1 Samuel,20,11,edition difference in wording,"And Jonathan said to David, ""Come, and let us go out into the field."" So both of them went out into the field.","And Jonathan said to David, “Come, let us go out into the field.” So both of them went out into the field.","And Jonathan said to David, “Come, let us go out into the field.” So both of them went out into the field.","And Jonathan said to David, “Come, let us go out into the field.” So both of them went out into the field.",Fixed: verse text aligned to Bolls.life reference,"The updated verse was rebuilt from the reference text. Comparison ignores punctuation, capitalization, and italic styling."
1 Samuel,20,21,edition difference in wording,"""and there I will send a lad, saying, ‘Go, find the arrows.’ If I expressly say to him, ‘Look, the arrows are on this side of you; get them and come’ —then, as the LORD lives, there is safety for you and no harm.","and there I will send a lad, saying, ‘Go, find the arrows.’ If I expressly say to the lad, ‘Look, the arrows are on this side of you; get them and come’—then, as the LORD lives, there is safety for you and no harm.","and there I will send a lad, saying, ‘Go, find the arrows.’ If I expressly say to the lad, ‘Look, the arrows are on this side of you; get them and come’—then, as the LORD lives, there is safety for you and no harm.","and there I will send a lad, saying, ‘Go, find the arrows.’ If I expressly say to the lad, ‘Look, the arrows are on this side of you; get them and come’—then, as the LORD lives, there is safety for you and no harm.",Fixed: verse text aligned to Bolls.life reference,"The updated verse was rebuilt from the reference text. Comparison ignores punctuation, capitalization, and italic styling."
1 Samuel,21,5,edition difference in wording,"Then David answered the priest, and said to him, ""Truly, women have been kept from us about three days since I came out. And the vessels of the young men are holy, and the bread is in effect common, even though it was sanctified in the vessel this day.""","Then David answered the priest, and said to him, “Truly, women have been kept from us about three days since I came out. And the vessels of the young men are holy, and the bread is in effect common, even though it was consecrated in the vessel this day.”","Then David answered the priest, and said to him, “Truly, women have been kept from us about three days since I came out. And the vessels of the young men are holy, and the bread is in effect common, even though it was consecrated in the vessel this day.”","Then David answered the priest, and said to him, “Truly, women have been kept from us about three days since I came out. And the vessels of the young men are holy, and the bread is in effect common, even though it was consecrated in the vessel this day.”",Fixed: verse text aligned to Bolls.life reference,"The updated verse was rebuilt from the reference text. Comparison ignores punctuation, capitalization, and italic styling."
1 Samuel,21,13,edition difference in wording,"So he changed his behavior before them, feigned madness in their hands, scratched on the doors of the gate, and let his saliva fall down on his beard.","So he changed his behavior before them, pretended madness in their hands, scratched on the doors of the gate, and let his saliva fall down on his beard.","So he changed his behavior before them, pretended madness in their hands, scratched on the doors of the gate, and let his saliva fall down on his beard.","So he changed his behavior before them, pretended madness in their hands, scratched on the doors of the gate, and let his saliva fall down on his beard.",Fixed: verse text aligned to Bolls.life reference,"The updated verse was rebuilt from the reference text. Comparison ignores punctuation, capitalization, and italic styling."
1 Samuel,22,1,edition difference in wording,"David therefore departed from there and escaped to the cave of Adullam. And when his brothers and all his father’s house heard it, they went down there to him.","David therefore departed from there and escaped to the cave of Adullam. So when his brothers and all his father’s house heard it, they went down there to him.","David therefore departed from there and escaped to the cave of Adullam. So when his brothers and all his father’s house heard it, they went down there to him.","David therefore departed from there and escaped to the cave of Adullam. So when his brothers and all his father’s house heard it, they went down there to him.",Fixed: verse text aligned to Bolls.life reference,"The updated verse was rebuilt from the reference text. Comparison ignores punctuation, capitalization, and italic styling."
1 Samuel,22,12,edition difference in wording,"And Saul said, ""Hear now, son of Ahitub!"" And he answered, ""Here I am, my lord.""","And Saul said, “Hear now, son of Ahitub!” He answered, “Here I am, my lord.”","And Saul said, “Hear now, son of Ahitub!” He answered, “Here I am, my lord.”","And Saul said, “Hear now, son of Ahitub!” He answered, “Here I am, my lord.”",Fixed: verse text aligned to Bolls.life reference,"The updated verse was rebuilt from the reference text. Comparison ignores punctuation, capitalization, and italic styling."
1 Samuel,23,27,edition difference in wording,"But a messenger came to Saul, saying, ""Hasten and come, for the Philistines have invaded the land!""","But a messenger came to Saul, saying, “Hurry and come, for the Philistines have invaded the land!”","But a messenger came to Saul, saying, “Hurry and come, for the Philistines have invaded the land!”","But a messenger came to Saul, saying, “Hurry and come, for the Philistines have invaded the land!”",Fixed: verse text aligned to Bolls.life reference,"The updated verse was rebuilt from the reference text. Comparison ignores punctuation, capitalization, and italic styling."
1 Samuel,25,3,edition difference in wording,"The name of the man was Nabal, and the name of his wife Abigail. And she was a woman of good understanding and beautiful appearance; but the man was harsh and evil in his doings. And he was of the house of Caleb.","The name of the man was Nabal, and the name of his wife Abigail. And she was a woman of good understanding and beautiful appearance; but the man was harsh and evil in his doings. He was of the house of Caleb.","The name of the man was Nabal, and the name of his wife Abigail. And she was a woman of good understanding and beautiful appearance; but the man was harsh and evil in his doings. He was of the house of Caleb.","The name of the man was Nabal, and the name of his wife Abigail. And she was a woman of good understanding and beautiful appearance; but the man was harsh and evil in his doings. He was of the house of Caleb.",Fixed: verse text aligned to Bolls.life reference,"The updated verse was rebuilt from the reference text. Comparison ignores punctuation, capitalization, and italic styling."
1 Samuel,25,23,edition difference in wording,"Now when Abigail saw David, she hastened to dismount from the donkey, fell on her face before David, and bowed down to the ground.","Now when Abigail saw David, she dismounted quickly from the donkey, fell on her face before David, and bowed down to the ground.","Now when Abigail saw David, she dismounted quickly from the donkey, fell on her face before David, and bowed down to the ground.","Now when Abigail saw David, she dismounted quickly from the donkey, fell on her face before David, and bowed down to the ground.",Fixed: verse text aligned to Bolls.life reference,"The updated verse was rebuilt from the reference text. Comparison ignores punctuation, capitalization, and italic styling."
1 Samuel,25,34,edition difference in wording,"""For indeed, as the LORD God of Israel lives, who has kept me back from hurting you, unless you had hastened and come to meet me, surely by morning light no males would have been left to Nabal!""","For indeed, as the LORD God of Israel lives, who has kept me back from hurting you, unless you had hurried and come to meet me, surely by morning light no males would have been left to Nabal!”","For indeed, as the LORD God of Israel lives, who has kept me back from hurting you, unless you had hurried and come to meet me, surely by morning light no males would have been left to Nabal!”","For indeed, as the LORD God of Israel lives, who has kept me back from hurting you, unless you had hurried and come to meet me, surely by morning light no males would have been left to Nabal!”",Fixed: verse text aligned to Bolls.life reference,"The updated verse was rebuilt from the reference text. Comparison ignores punctuation, capitalization, and italic styling."
1 Samuel,25,38,edition difference in wording,"Then it came about, after about ten days, that the LORD struck Nabal, and he died.","Then it happened, after about ten days, that the LORD struck Nabal, and he died.","Then it happened, after about ten days, that the LORD struck Nabal, and he died.","Then it happened, after about ten days, that the LORD struck Nabal, and he died.",Fixed: verse text aligned to Bolls.life reference,"The updated verse was rebuilt from the reference text. Comparison ignores punctuation, capitalization, and italic styling."
1 Samuel,26,9,edition difference in wording,"And David said to Abishai, ""Do not destroy him; for who can stretch out his hand against the LORD’S anointed, and be guiltless?""","But David said to Abishai, “Do not destroy him; for who can stretch out his hand against the LORD’s anointed, and be guiltless?”","But David said to Abishai, “Do not destroy him; for who can stretch out his hand against the LORD’s anointed, and be guiltless?”","But David said to Abishai, “Do not destroy him; for who can stretch out his hand against the LORD’s anointed, and be guiltless?”",Fixed: verse text aligned to Bolls.life reference,"The updated verse was rebuilt from the reference text. Comparison ignores punctuation, capitalization, and italic styling."
1 Samuel,26,12,edition difference in wording,"So David took the spear and the jug of water by Saul’s head, and they got away; and no man saw it or knew it or awoke. For they were all asleep, because a deep sleep from the LORD had fallen on them.","So David took the spear and the jug of water by Saul’s head, and they got away; and no man saw or knew it or awoke. For they were all asleep, because a deep sleep from the LORD had fallen on them.","So David took the spear and the jug of water by Saul’s head, and they got away; and no man saw or knew it or awoke. For they were all asleep, because a deep sleep from the LORD had fallen on them.","So David took the spear and the jug of water by Saul’s head, and they got away; and no man saw or knew it or awoke. For they were all asleep, because a deep sleep from the LORD had fallen on them.",Fixed: verse text aligned to Bolls.life reference,"The updated verse was rebuilt from the reference text. Comparison ignores punctuation, capitalization, and italic styling."
1 Samuel,26,17,edition difference in wording,"Then Saul knew David’s voice, and said, ""Is that your voice, my son David?"" And David said, ""It is my voice, my lord, O king.""","Then Saul knew David’s voice, and said, “Is that your voice, my son David?” David said, “It is my voice, my lord, O king.”","Then Saul knew David’s voice, and said, “Is that your voice, my son David?” David said, “It is my voice, my lord, O king.”","Then Saul knew David’s voice, and said, “ Is that your voice, my son David?” David said, “ It is my voice, my lord, O king.”",Fixed: verse text aligned to Bolls.life reference,"The updated verse was rebuilt from the reference text. Comparison ignores punctuation, capitalization, and italic styling."
1 Samuel,28,2,edition difference in wording,"And David said to Achish, ""Surely you know what your servant can do."" And Achish said to David, ""Therefore I will make you one of my chief guardians forever.""","So David said to Achish, “Surely you know what your servant can do.” And Achish said to David, “Therefore I will make you one of my chief guardians forever.”","So David said to Achish, “Surely you know what your servant can do.” And Achish said to David, “Therefore I will make you one of my chief guardians forever.”","So David said to Achish, “Surely you know what your servant can do.” And Achish said to David, “Therefore I will make you one of my chief guardians forever.”",Fixed: verse text aligned to Bolls.life reference,"The updated verse was rebuilt from the reference text. Comparison ignores punctuation, capitalization, and italic styling."
1 Samuel,28,8,pronunciation mark (print has it),"So Saul disguised himself and put on other clothes, and he went, and two men with him; and they came to the woman by night. And he said, ""Please conduct a seance for me, and bring up for me the one I shall name to you.""","So Saul disguised himself and put on other clothes, and he went, and two men with him; and they came to the woman by night. And he said, “Please conduct a séance for me, and bring up for me the one I shall name to you.”","So Saul disguised himself and put on other clothes, and he went, and two men with him; and they came to the woman by night. And he said, “Please conduct a séance for me, and bring up for me the one I shall name to you.”","So Saul disguised himself and put on other clothes, and he went, and two men with him; and they came to the woman by night. And he said, “Please conduct a séance for me, and bring up for me the one I shall name to you.”",Fixed: verse text aligned to Bolls.life reference,"The updated verse was rebuilt from the reference text. Comparison ignores punctuation, capitalization, and italic styling."
1 Samuel,28,16,edition difference in wording,"Then Samuel said: ""Why then do you ask me, seeing the LORD has departed from you and has become your enemy?","Then Samuel said: “So why do you ask me, seeing the LORD has departed from you and has become your enemy?","Then Samuel said: “So why do you ask me, seeing the LORD has departed from you and has become your enemy?","Then Samuel said: “So why do you ask me, seeing the LORD has departed from you and has become your enemy?",Fixed: verse text aligned to Bolls.life reference,"The updated verse was rebuilt from the reference text. Comparison ignores punctuation, capitalization, and italic styling."
1 Samuel,28,20,edition difference in wording,"Then immediately Saul fell full length on the ground, and was dreadfully afraid because of the words of Samuel. And there was no strength in him, for he had eaten no food all day or all night.","Immediately Saul fell full length on the ground, and was dreadfully afraid because of the words of Samuel. And there was no strength in him, for he had eaten no food all day or all night.","Immediately Saul fell full length on the ground, and was dreadfully afraid because of the words of Samuel. And there was no strength in him, for he had eaten no food all day or all night.","Immediately Saul fell full length on the ground, and was dreadfully afraid because of the words of Samuel. And there was no strength in him, for he had eaten no food all day or all night.",Fixed: verse text aligned to Bolls.life reference,"The updated verse was rebuilt from the reference text. Comparison ignores punctuation, capitalization, and italic styling."
1 Samuel,3,1,edition difference in wording,Then the boy Samuel ministered to the LORD before Eli. And the word of the LORD was rare in those days; there was no widespread revelation.,Now the boy Samuel ministered to the LORD before Eli. And the word of the LORD was rare in those days; there was no widespread revelation.,Now the boy Samuel ministered to the LORD before Eli. And the word of the LORD was rare in those days; there was no widespread revelation.,Now the boy Samuel ministered to the LORD before Eli. And the word of the LORD was rare in those days; there was no widespread revelation.,Fixed: verse text aligned to Bolls.life reference,"The updated verse was rebuilt from the reference text. Comparison ignores punctuation, capitalization, and italic styling."
1 Samuel,3,8,edition difference in wording,"And the LORD called Samuel again the third time. Then he arose and went to Eli, and said, ""Here I am, for you did call me."" Then Eli perceived that the LORD had called the boy.","And the LORD called Samuel again the third time. So he arose and went to Eli, and said, “Here I am, for you did call me.” Then Eli perceived that the LORD had called the boy.","And the LORD called Samuel again the third time. So he arose and went to Eli, and said, “Here I am, for you did call me.” Then Eli perceived that the LORD had called the boy.","And the LORD called Samuel again the third time. So he arose and went to Eli, and said, “Here I am, for you did call me.” Then Eli perceived that the LORD had called the boy.",Fixed: verse text aligned to Bolls.life reference,"The updated verse was rebuilt from the reference text. Comparison ignores punctuation, capitalization, and italic styling."
1 Samuel,3,16,edition difference in wording,"Then Eli called Samuel and said, ""Samuel, my son!"" And he answered, ""Here I am.""","Then Eli called Samuel and said, “Samuel, my son!” He answered, “Here I am.”","Then Eli called Samuel and said, “Samuel, my son!” He answered, “Here I am.”","Then Eli called Samuel and said, “Samuel, my son!” He answered, “Here I am.”",Fixed: verse text aligned to Bolls.life reference,"The updated verse was rebuilt from the reference text. Comparison ignores punctuation, capitalization, and italic styling."
1 Samuel,31,13,edition difference in wording,"Then they took their bones and buried them under the tamarisk tree at Jabesh, and fasted seven days. 2 Samuel","Then they took their bones and buried them under the tamarisk tree at Jabesh, and fasted seven days.","Then they took their bones and buried them under the tamarisk tree at Jabesh, and fasted seven days.","Then they took their bones and buried them under the tamarisk tree at Jabesh, and fasted seven days.",Fixed: verse text aligned to Bolls.life reference,"The updated verse was rebuilt from the reference text. Comparison ignores punctuation, capitalization, and italic styling."
1 Samuel,4,19,edition difference in wording,"Now his daughter-in-law, Phinehas’ wife, was with child, due to be delivered; and when she heard the news that the ark of God was captured, and that her father-in-law and her husband were dead, she bowed herself and gave birth, for her labor pains came upon her.","Now his daughter-in-law, Phinehas’s wife, was with child, due to be delivered; and when she heard the news that the ark of God was captured, and that her father-in-law and her husband were dead, she bowed herself and gave birth, for her labor pains came upon her.","Now his daughter-in-law, Phinehas’s wife, was with child, due to be delivered; and when she heard the news that the ark of God was captured, and that her father-in-law and her husband were dead, she bowed herself and gave birth, for her labor pains came upon her.","Now his daughter-in-law, Phinehas’s wife, was with child, due to be delivered; and when she heard the news that the ark of God was captured, and that her father-in-law and her husband were dead, she bowed herself and gave birth, for her labor pains came upon her.",Fixed: verse text aligned to Bolls.life reference,"The updated verse was rebuilt from the reference text. Comparison ignores punctuation, capitalization, and italic styling."
1 Samuel,5,2,edition difference in wording,"When the Philistines took the ark of God, they brought it into the temple of Dagon and set it by Dagon.","When the Philistines took the ark of God, they brought it into the house of Dagon and set it by Dagon.","When the Philistines took the ark of God, they brought it into the house of Dagon and set it by Dagon.","When the Philistines took the ark of God, they brought it into the house of Dagon and set it by Dagon.",Fixed: verse text aligned to Bolls.life reference,"The updated verse was rebuilt from the reference text. Comparison ignores punctuation, capitalization, and italic styling."
1 Samuel,9,17,edition difference in wording,"And when Samuel saw Saul, the LORD said to him, ""There he is, the man of whom I spoke to you. This one shall reign over My people.""","So when Samuel saw Saul, the LORD said to him, “There he is, the man of whom I spoke to you. This one shall reign over My people.”","So when Samuel saw Saul, the LORD said to him, “There he is, the man of whom I spoke to you. This one shall reign over My people.”","So when Samuel saw Saul, the LORD said to him, “There he is, the man of whom I spoke to you. This one shall reign over My people.”",Fixed: verse text aligned to Bolls.life reference,"The updated verse was rebuilt from the reference text. Comparison ignores punctuation, capitalization, and italic styling."
1 Samuel,9,19,edition difference in wording,"And Samuel answered Saul and said, ""I am the seer. Go up before me to the high place, for you shall eat with me today; and tomorrow I will let you go and will tell you all that is in your heart.","Samuel answered Saul and said, “I am the seer. Go up before me to the high place, for you shall eat with me today; and tomorrow I will let you go and will tell you all that is in your heart.","Samuel answered Saul and said, “I am the seer. Go up before me to the high place, for you shall eat with me today; and tomorrow I will let you go and will tell you all that is in your heart.","Samuel answered Saul and said, “I am the seer. Go up before me to the high place, for you shall eat with me today; and tomorrow I will let you go and will tell you all that is in your heart.",Fixed: verse text aligned to Bolls.life reference,"The updated verse was rebuilt from the reference text. Comparison ignores punctuation, capitalization, and italic styling."
1 Thessalonians,5,28,edition difference in wording,The grace of our Lord Jesus Christ be with you. Amen. 2 Thessalonians,The grace of our Lord Jesus Christ be with you. Amen.,The grace of our Lord Jesus Christ be with you. Amen.,The grace of our Lord Jesus Christ be with you. Amen.,Fixed: verse text aligned to Bolls.life reference,"The updated verse was rebuilt from the reference text. Comparison ignores punctuation, capitalization, and italic styling."
1 Timothy,5,2,edition difference in wording,"older women as mothers, younger as sisters, with all purity.","older women as mothers, younger women as sisters, with all purity.","older women as mothers, younger women as sisters, with all purity.","older women as mothers, younger women as sisters, with all purity.",Fixed: verse text aligned to Bolls.life reference,"The updated verse was rebuilt from the reference text. Comparison ignores punctuation, capitalization, and italic styling."
1 Timothy,6,21,edition difference in wording,by professing it some have strayed concerning the faith. Grace be with you. Amen. 2 Timothy,by professing it some have strayed concerning the faith. Grace be with you. Amen.,by professing it some have strayed concerning the faith. Grace be with you. Amen.,by professing it some have strayed concerning the faith. Grace be with you. Amen.,Fixed: verse text aligned to Bolls.life reference,"The updated verse was rebuilt from the reference text. Comparison ignores punctuation, capitalization, and italic styling."
2 Chronicles,1,11,edition difference in wording,"And God said to Solomon: ""Because this was in your heart, and you have not asked riches or wealth or honor or the life of your enemies, nor have you asked long life—but have asked wisdom and knowledge for yourself, that you may judge My people over whom I have made you king—","Then God said to Solomon: “Because this was in your heart, and you have not asked riches or wealth or honor or the life of your enemies, nor have you asked long life—but have asked wisdom and knowledge for yourself, that you may judge My people over whom I have made you king—","Then God said to Solomon: “Because this was in your heart, and you have not asked riches or wealth or honor or the life of your enemies, nor have you asked long life—but have asked wisdom and knowledge for yourself, that you may judge My people over whom I have made you king—","Then God said to Solomon: “Because this was in your heart, and you have not asked riches or wealth or honor or the life of your enemies, nor have you asked long life—but have asked wisdom and knowledge for yourself, that you may judge My people over whom I have made you king—",Fixed: verse text aligned to Bolls.life reference,"The updated verse was rebuilt from the reference text. Comparison ignores punctuation, capitalization, and italic styling."
2 Chronicles,11,20,edition difference in wording,"After her he took Maacah the granddaughter of Absalom; and she bore him Abijah, Attai, Ziza, and Shelomith.","After her he took Maachah the granddaughter of Absalom; and she bore him Abijah, Attai, Ziza, and Shelomith.","After her he took Maachah the granddaughter of Absalom; and she bore him Abijah, Attai, Ziza, and Shelomith.","After her he took Maachah the granddaughter of Absalom; and she bore him Abijah, Attai, Ziza, and Shelomith.",Fixed: verse text aligned to Bolls.life reference,"The updated verse was rebuilt from the reference text. Comparison ignores punctuation, capitalization, and italic styling."
2 Chronicles,12,13,edition difference in wording,"Thus Rehoboam strengthened himself in Jerusalem and reigned. Now Rehoboam was forty-one years old when he became king; and he reigned seventeen years in Jerusalem, the city which the LORD had chosen out of all the tribes of Israel, to put His name there. His mother’s name was Naamah, an Ammonitess.","Thus King Rehoboam strengthened himself in Jerusalem and reigned. Now Rehoboam was forty-one years old when he became king; and he reigned seventeen years in Jerusalem, the city which the LORD had chosen out of all the tribes of Israel, to put His name there. His mother’s name was Naamah, an Ammonitess.","Thus King Rehoboam strengthened himself in Jerusalem and reigned. Now Rehoboam was forty-one years old when he became king; and he reigned seventeen years in Jerusalem, the city which the LORD had chosen out of all the tribes of Israel, to put His name there. His mother’s name was Naamah, an Ammonitess.","Thus King Rehoboam strengthened himself in Jerusalem and reigned. Now Rehoboam was forty-one years old when he became king; and he reigned seventeen years in Jerusalem, the city which the LORD had chosen out of all the tribes of Israel, to put His name there. His mother’s name was Naamah, an Ammonitess.",Fixed: verse text aligned to Bolls.life reference,"The updated verse was rebuilt from the reference text. Comparison ignores punctuation, capitalization, and italic styling."
2 Chronicles,16,3,edition difference in wording,"""Let there be a treaty between you and me, as there was between my father and your father. Here, I have sent you silver and gold; come, break your treaty with Baasha king of Israel, so that he will withdraw from me.""","“Let there be a treaty between you and me, as there was between my father and your father. See, I have sent you silver and gold; come, break your treaty with Baasha king of Israel, so that he will withdraw from me.”","“Let there be a treaty between you and me, as there was between my father and your father. See, I have sent you silver and gold; come, break your treaty with Baasha king of Israel, so that he will withdraw from me.”","“ Let there be a treaty between you and me, as there was between my father and your father. See, I have sent you silver and gold; come, break your treaty with Baasha king of Israel, so that he will withdraw from me.”",Fixed: verse text aligned to Bolls.life reference,"The updated verse was rebuilt from the reference text. Comparison ignores punctuation, capitalization, and italic styling."
2 Chronicles,18,4,edition difference in wording,"And Jehoshaphat said to the king of Israel, ""Please inquire for the word of the LORD today.""","Also Jehoshaphat said to the king of Israel, “Please inquire for the word of the LORD today.”","Also Jehoshaphat said to the king of Israel, “Please inquire for the word of the LORD today.”","Also Jehoshaphat said to the king of Israel, “Please inquire for the word of the LORD today.”",Fixed: verse text aligned to Bolls.life reference,"The updated verse was rebuilt from the reference text. Comparison ignores punctuation, capitalization, and italic styling."
2 Chronicles,18,5,edition difference in wording,"Then the king of Israel gathered the prophets together, four hundred men, and said to them, ""Shall we go to war against Ramoth Gilead, or shall I refrain?"" And they said, ""Go up, for God will deliver it into the king’s hand.""","Then the king of Israel gathered the prophets together, four hundred men, and said to them, “Shall we go to war against Ramoth Gilead, or shall I refrain?” So they said, “Go up, for God will deliver it into the king’s hand.”","Then the king of Israel gathered the prophets together, four hundred men, and said to them, “Shall we go to war against Ramoth Gilead, or shall I refrain?” So they said, “Go up, for God will deliver it into the king’s hand.”","Then the king of Israel gathered the prophets together, four hundred men, and said to them, “Shall we go to war against Ramoth Gilead, or shall I refrain?” So they said, “Go up, for God will deliver it into the king’s hand.”",Fixed: verse text aligned to Bolls.life reference,"The updated verse was rebuilt from the reference text. Comparison ignores punctuation, capitalization, and italic styling."
2 Chronicles,18,27,edition difference in wording,"Then Micaiah said, ""If you ever return in peace, the LORD has not spoken by me."" And he said, ""Take heed, all you people!""","But Micaiah said, “If you ever return in peace, the LORD has not spoken by me.” And he said, “Take heed, all you people!”","But Micaiah said, “If you ever return in peace, the LORD has not spoken by me.” And he said, “Take heed, all you people!”","But Micaiah said, “If you ever return in peace, the LORD has not spoken by me.” And he said, “Take heed, all you people!”",Fixed: verse text aligned to Bolls.life reference,"The updated verse was rebuilt from the reference text. Comparison ignores punctuation, capitalization, and italic styling."
2 Chronicles,21,8,edition difference in wording,"In his days the Edomites revolted against Judah’s authority, and made a king over themselves.","In his days Edom revolted against Judah’s authority, and made a king over themselves.","In his days Edom revolted against Judah’s authority, and made a king over themselves.","In his days Edom revolted against Judah’s authority, and made a king over themselves.",Fixed: verse text aligned to Bolls.life reference,"The updated verse was rebuilt from the reference text. Comparison ignores punctuation, capitalization, and italic styling."
2 Chronicles,29,17,edition difference in wording,"Now they began to sanctify on the first day of the first month, and on the eighth day of the month they came to the vestibule of the LORD. Then they sanctified the house of the LORD in eight days, and on the sixteenth day of the first month they finished.","Now they began to sanctify on the first day of the first month, and on the eighth day of the month they came to the vestibule of the LORD. So they sanctified the house of the LORD in eight days, and on the sixteenth day of the first month they finished.","Now they began to sanctify on the first day of the first month, and on the eighth day of the month they came to the vestibule of the LORD. So they sanctified the house of the LORD in eight days, and on the sixteenth day of the first month they finished.","Now they began to sanctify on the first day of the first month, and on the eighth day of the month they came to the vestibule of the LORD. So they sanctified the house of the LORD in eight days, and on the sixteenth day of the first month they finished.",Fixed: verse text aligned to Bolls.life reference,"The updated verse was rebuilt from the reference text. Comparison ignores punctuation, capitalization, and italic styling."
2 Chronicles,36,23,edition difference in wording,"Thus says Cyrus king of Persia: All the kingdoms of the earth the LORD God of heaven has given me. And He has commanded me to build Him a house at Jerusalem which is in Judah. Who is among you of all His people? May the LORD his God be with him, and let him go up! Ezra","Thus says Cyrus king of Persia: All the kingdoms of the earth the LORD God of heaven has given me. And He has commanded me to build Him a house at Jerusalem which is in Judah. Who is among you of all His people? May the LORD his God be with him, and let him go up!","Thus says Cyrus king of Persia: All the kingdoms of the earth the LORD God of heaven has given me. And He has commanded me to build Him a house at Jerusalem which is in Judah. Who is among you of all His people? May the LORD his God be with him, and let him go up!","Thus says Cyrus king of Persia: All the kingdoms of the earth the LORD God of heaven has given me. And He has commanded me to build Him a house at Jerusalem which is in Judah. Who is among you of all His people? May the LORD his God be with him, and let him go up!",Fixed: verse text aligned to Bolls.life reference,"The updated verse was rebuilt from the reference text. Comparison ignores punctuation, capitalization, and italic styling."
2 Chronicles,5,9,edition difference in wording,"And the poles extended so that the ends of the poles of the ark could be seen from the holy place, in front of the inner sanctuary; but they could not be seen from outside. And they are there to this day.","The poles extended so that the ends of the poles of the ark could be seen from the holy place, in front of the inner sanctuary; but they could not be seen from outside. And they are there to this day.","The poles extended so that the ends of the poles of the ark could be seen from the holy place, in front of the inner sanctuary; but they could not be seen from outside. And they are there to this day.","The poles extended so that the ends of the poles of the ark could be seen from the holy place, in front of the inner sanctuary; but they could not be seen from outside. And they are there to this day.",Fixed: verse text aligned to Bolls.life reference,"The updated verse was rebuilt from the reference text. Comparison ignores punctuation, capitalization, and italic styling."
2 Chronicles,6,20,edition difference in wording,"""that Your eyes may be open toward this temple day and night, toward the place where You said You would put Your name, that You may hear the prayer which Your servant prays toward this place.","that Your eyes may be open toward this temple day and night, toward the place where You said You would put Your name, that You may hear the prayer which Your servant makes toward this place.","that Your eyes may be open toward this temple day and night, toward the place where You said You would put Your name, that You may hear the prayer which Your servant makes toward this place.","that Your eyes may be open toward this temple day and night, toward the place where You said You would put Your name, that You may hear the prayer which Your servant makes toward this place.",Fixed: verse text aligned to Bolls.life reference,"The updated verse was rebuilt from the reference text. Comparison ignores punctuation, capitalization, and italic styling."
2 Chronicles,6,32,edition difference in wording,"""Moreover, concerning a foreigner, who is not of Your people Israel, but who comes from a far country for the sake of Your great name and Your mighty hand and Your outstretched arm, when they come and pray in this temple;","“Moreover, concerning a foreigner, who is not of Your people Israel, but has come from a far country for the sake of Your great name and Your mighty hand and Your outstretched arm, when they come and pray in this temple;","“Moreover, concerning a foreigner, who is not of Your people Israel, but has come from a far country for the sake of Your great name and Your mighty hand and Your outstretched arm, when they come and pray in this temple;","“Moreover, concerning a foreigner, who is not of Your people Israel, but has come from a far country for the sake of Your great name and Your mighty hand and Your outstretched arm, when they come and pray in this temple;",Fixed: verse text aligned to Bolls.life reference,"The updated verse was rebuilt from the reference text. Comparison ignores punctuation, capitalization, and italic styling."
2 Chronicles,8,1,edition difference in wording,"It came to pass at the end of twenty years, in which Solomon had built the house of the LORD and his own house,","It came to pass at the end of twenty years, when Solomon had built the house of the LORD and his own house,","It came to pass at the end of twenty years, when Solomon had built the house of the LORD and his own house,","It came to pass at the end of twenty years, when Solomon had built the house of the LORD and his own house,",Fixed: verse text aligned to Bolls.life reference,"The updated verse was rebuilt from the reference text. Comparison ignores punctuation, capitalization, and italic styling."
2 Corinthians,13,14,edition difference in wording,"The grace of the Lord Jesus Christ, and the love of God, and the communion of the Holy Spirit be with you all. Amen. Galatians","The grace of the Lord Jesus Christ, and the love of God, and the communion of the Holy Spirit be with you all. Amen.","The grace of the Lord Jesus Christ, and the love of God, and the communion of the Holy Spirit be with you all. Amen.","The grace of the Lord Jesus Christ, and the love of God, and the communion of the Holy Spirit be with you all. Amen.",Fixed: verse text aligned to Bolls.life reference,"The updated verse was rebuilt from the reference text. Comparison ignores punctuation, capitalization, and italic styling."
2 John,1,13,edition difference in wording,The children of your elect sister greet you. Amen. 3 John,The children of your elect sister greet you. Amen.,The children of your elect sister greet you. Amen.,The children of your elect sister greet you. Amen.,Fixed: verse text aligned to Bolls.life reference,"The updated verse was rebuilt from the reference text. Comparison ignores punctuation, capitalization, and italic styling."
2 Kings,25,30,edition difference in wording,"And as for his provisions, there was a regular ration given him by the king, a portion for each day, all the days of his life. 1 Chronicles","And as for his provisions, there was a regular ration given him by the king, a portion for each day, all the days of his life.","And as for his provisions, there was a regular ration given him by the king, a portion for each day, all the days of his life.","And as for his provisions, there was a regular ration given him by the king, a portion for each day, all the days of his life.",Fixed: verse text aligned to Bolls.life reference,"The updated verse was rebuilt from the reference text. Comparison ignores punctuation, capitalization, and italic styling."
2 Peter,3,18,edition difference in wording,but grow in the grace and knowledge of our Lord and Savior Jesus Christ. To Him be the glory both now and forever. Amen. 1 John,but grow in the grace and knowledge of our Lord and Savior Jesus Christ. To Him be the glory both now and forever. Amen.,but grow in the grace and knowledge of our Lord and Savior Jesus Christ. To Him be the glory both now and forever. Amen.,but grow in the grace and knowledge of our Lord and Savior Jesus Christ. To Him be the glory both now and forever. Amen.,Fixed: verse text aligned to Bolls.life reference,"The updated verse was rebuilt from the reference text. Comparison ignores punctuation, capitalization, and italic styling."
2 Samuel,13,12,edition difference in wording,"And she answered him, ""No, my brother, do not force me, for no such thing should be done in Israel. Do not do this disgraceful thing!","But she answered him, “No, my brother, do not force me, for no such thing should be done in Israel. Do not do this disgraceful thing!","But she answered him, “No, my brother, do not force me, for no such thing should be done in Israel. Do not do this disgraceful thing!","But she answered him, “No, my brother, do not force me, for no such thing should be done in Israel. Do not do this disgraceful thing!",Fixed: verse text aligned to Bolls.life reference,"The updated verse was rebuilt from the reference text. Comparison ignores punctuation, capitalization, and italic styling."
2 Samuel,15,21,edition difference in wording,"And Ittai answered the king and said, ""As the LORD lives, and as my lord the king lives, surely in whatever place my lord the king shall be, whether in death or life, even there also your servant will be.""","But Ittai answered the king and said, “As the LORD lives, and as my lord the king lives, surely in whatever place my lord the king shall be, whether in death or life, even there also your servant will be.”","But Ittai answered the king and said, “As the LORD lives, and as my lord the king lives, surely in whatever place my lord the king shall be, whether in death or life, even there also your servant will be.”","But Ittai answered the king and said, “ As the LORD lives, and as my lord the king lives, surely in whatever place my lord the king shall be, whether in death or life, even there also your servant will be.”",Fixed: verse text aligned to Bolls.life reference,"The updated verse was rebuilt from the reference text. Comparison ignores punctuation, capitalization, and italic styling."
2 Samuel,16,20,edition difference in wording,"Then Absalom said to Ahithophel, ""Give counsel as to what we should do.""","Then Absalom said to Ahithophel, “Give advice as to what we should do.”","Then Absalom said to Ahithophel, “Give advice as to what we should do.”","Then Absalom said to Ahithophel, “Give advice as to what we should do.”",Fixed: verse text aligned to Bolls.life reference,"The updated verse was rebuilt from the reference text. Comparison ignores punctuation, capitalization, and italic styling."
2 Samuel,18,28,edition difference in wording,"And Ahimaaz called out and said to the king, ""All is well!"" Then he bowed down with his face to the earth before the king, and said, ""Blessed be the LORD your God, who has delivered up the men who raised their hand against my lord the king!""","So Ahimaaz called out and said to the king, “All is well!” Then he bowed down with his face to the earth before the king, and said, “Blessed be the LORD your God, who has delivered up the men who raised their hand against my lord the king!”","So Ahimaaz called out and said to the king, “All is well!” Then he bowed down with his face to the earth before the king, and said, “Blessed be the LORD your God, who has delivered up the men who raised their hand against my lord the king!”","So Ahimaaz called out and said to the king, “All is well!” Then he bowed down with his face to the earth before the king, and said, “Blessed be the LORD your God, who has delivered up the men who raised their hand against my lord the king!”",Fixed: verse text aligned to Bolls.life reference,"The updated verse was rebuilt from the reference text. Comparison ignores punctuation, capitalization, and italic styling."
2 Samuel,19,16,edition difference in wording,"And Shimei the son of Gera, a Benjamite, who was from Bahurim, hastened and came down with the men of Judah to meet King David.","And Shimei the son of Gera, a Benjamite, who was from Bahurim, hurried and came down with the men of Judah to meet King David.","And Shimei the son of Gera, a Benjamite, who was from Bahurim, hurried and came down with the men of Judah to meet King David.","And Shimei the son of Gera, a Benjamite, who was from Bahurim, hurried and came down with the men of Judah to meet King David.",Fixed: verse text aligned to Bolls.life reference,"The updated verse was rebuilt from the reference text. Comparison ignores punctuation, capitalization, and italic styling."
2 Samuel,23,11,edition difference in wording,And after him was Shammah the son of Agee the Hararite. The Philistines had gathered together into a troop where there was a piece of ground full of lentils. Then the people fled from the Philistines.,And after him was Shammah the son of Agee the Hararite. The Philistines had gathered together into a troop where there was a piece of ground full of lentils. So the people fled from the Philistines.,And after him was Shammah the son of Agee the Hararite. The Philistines had gathered together into a troop where there was a piece of ground full of lentils. So the people fled from the Philistines.,And after him was Shammah the son of Agee the Hararite. The Philistines had gathered together into a troop where there was a piece of ground full of lentils. So the people fled from the Philistines.,Fixed: verse text aligned to Bolls.life reference,"The updated verse was rebuilt from the reference text. Comparison ignores punctuation, capitalization, and italic styling."
2 Samuel,23,12,edition difference in wording,"But he stationed himself in the middle of the field, defended it, and killed the Philistines. And the LORD brought about a great victory.","But he stationed himself in the middle of the field, defended it, and killed the Philistines. So the LORD brought about a great victory.","But he stationed himself in the middle of the field, defended it, and killed the Philistines. So the LORD brought about a great victory.","But he stationed himself in the middle of the field, defended it, and killed the Philistines. So the LORD brought about a great victory.",Fixed: verse text aligned to Bolls.life reference,"The updated verse was rebuilt from the reference text. Comparison ignores punctuation, capitalization, and italic styling."
2 Samuel,24,25,edition difference in wording,"And David built there an altar to the LORD, and offered burnt offerings and peace offerings. So the LORD heeded the prayers for the land, and the plague was withdrawn from Israel. 1 Kings","And David built there an altar to the LORD, and offered burnt offerings and peace offerings. So the LORD heeded the prayers for the land, and the plague was withdrawn from Israel.","And David built there an altar to the LORD, and offered burnt offerings and peace offerings. So the LORD heeded the prayers for the land, and the plague was withdrawn from Israel.","And David built there an altar to the LORD, and offered burnt offerings and peace offerings. So the LORD heeded the prayers for the land, and the plague was withdrawn from Israel.",Fixed: verse text aligned to Bolls.life reference,"The updated verse was rebuilt from the reference text. Comparison ignores punctuation, capitalization, and italic styling."
2 Samuel,7,29,edition difference in wording,"""Now therefore, let it please You to bless the house of Your servant, that it may continue forever before You; for You, O Lord GOD, have spoken it, and with Your blessing let the house of Your servant be blessed forever.""","Now therefore, let it please You to bless the house of Your servant, that it may continue before You forever; for You, O Lord GOD, have spoken it, and with Your blessing let the house of Your servant be blessed forever.”","Now therefore, let it please You to bless the house of Your servant, that it may continue before You forever; for You, O Lord GOD, have spoken it, and with Your blessing let the house of Your servant be blessed forever.”","Now therefore, let it please You to bless the house of Your servant, that it may continue before You forever; for You, O Lord GOD, have spoken it, and with Your blessing let the house of Your servant be blessed forever.”",Fixed: verse text aligned to Bolls.life reference,"The updated verse was rebuilt from the reference text. Comparison ignores punctuation, capitalization, and italic styling."
2 Samuel,8,6,edition difference in wording,"Then David put garrisons in Syria of Damascus; and the Syrians became David’s servants, and brought tribute. The LORD preserved David wherever he went.","Then David put garrisons in Syria of Damascus; and the Syrians became David’s servants, and brought tribute. So the LORD preserved David wherever he went.","Then David put garrisons in Syria of Damascus; and the Syrians became David’s servants, and brought tribute. So the LORD preserved David wherever he went.","Then David put garrisons in Syria of Damascus; and the Syrians became David’s servants, and brought tribute. So the LORD preserved David wherever he went.",Fixed: verse text aligned to Bolls.life reference,"The updated verse was rebuilt from the reference text. Comparison ignores punctuation, capitalization, and italic styling."
2 Samuel,9,2,edition difference in wording,"And there was a servant of the house of Saul whose name was Ziba. So when they had called him to David, the king said to him, ""Are you Ziba?"" And he said, ""At your service!""","And there was a servant of the house of Saul whose name was Ziba. So when they had called him to David, the king said to him, “Are you Ziba?” He said, “At your service!”","And there was a servant of the house of Saul whose name was Ziba. So when they had called him to David, the king said to him, “Are you Ziba?” He said, “At your service!”","And there was a servant of the house of Saul whose name was Ziba. So when they had called him to David, the king said to him, “ Are you Ziba?” He said, “At your service!”",Fixed: verse text aligned to Bolls.life reference,"The updated verse was rebuilt from the reference text. Comparison ignores punctuation, capitalization, and italic styling."
2 Thessalonians,3,18,edition difference in wording,The grace of our Lord Jesus Christ be with you all. Amen. 1 Timothy,The grace of our Lord Jesus Christ be with you all. Amen.,The grace of our Lord Jesus Christ be with you all. Amen.,The grace of our Lord Jesus Christ be with you all. Amen.,Fixed: verse text aligned to Bolls.life reference,"The updated verse was rebuilt from the reference text. Comparison ignores punctuation, capitalization, and italic styling."
2 Timothy,2,6,edition difference in wording,The hard-working farmer must be first to partake of the crops.,The hardworking farmer must be first to partake of the crops.,The hardworking farmer must be first to partake of the crops.,The hardworking farmer must be first to partake of the crops.,Fixed: verse text aligned to Bolls.life reference,"The updated verse was rebuilt from the reference text. Comparison ignores punctuation, capitalization, and italic styling."
2 Timothy,4,17,edition difference in wording,"But the Lord stood with me and strengthened me, so that the message might be preached fully through me, and that all the Gentiles might hear. And I was delivered out of the mouth of the lion.","But the Lord stood with me and strengthened me, so that the message might be preached fully through me, and that all the Gentiles might hear. Also I was delivered out of the mouth of the lion.","But the Lord stood with me and strengthened me, so that the message might be preached fully through me, and that all the Gentiles might hear. Also I was delivered out of the mouth of the lion.","But the Lord stood with me and strengthened me, so that the message might be preached fully through me, and that all the Gentiles might hear. Also I was delivered out of the mouth of the lion.",Fixed: verse text aligned to Bolls.life reference,"The updated verse was rebuilt from the reference text. Comparison ignores punctuation, capitalization, and italic styling."
2 Timothy,4,22,edition difference in wording,The Lord Jesus Christ be with your spirit. Grace be with you. Amen. Titus,The Lord Jesus Christ be with your spirit. Grace be with you. Amen.,The Lord Jesus Christ be with your spirit. Grace be with you. Amen.,The Lord Jesus Christ be with your spirit. Grace be with you. Amen.,Fixed: verse text aligned to Bolls.life reference,"The updated verse was rebuilt from the reference text. Comparison ignores punctuation, capitalization, and italic styling."
3 John,1,14,edition difference in wording,"but I hope to see you shortly, and we shall speak face to face. Peace to you. Our friends greet you. Greet the friends by name. Jude","but I hope to see you shortly, and we shall speak face to face. Peace to you. Our friends greet you. Greet the friends by name.","but I hope to see you shortly, and we shall speak face to face. Peace to you. Our friends greet you. Greet the friends by name.","but I hope to see you shortly, and we shall speak face to face. Peace to you. Our friends greet you. Greet the friends by name.",Fixed: verse text aligned to Bolls.life reference,"The updated verse was rebuilt from the reference text. Comparison ignores punctuation, capitalization, and italic styling."
Acts,28,31,edition difference in wording,"preaching the kingdom of God and teaching the things which concern the Lord Jesus Christ with all confidence, no one forbidding him. Romans","preaching the kingdom of God and teaching the things which concern the Lord Jesus Christ with all confidence, no one forbidding him.","preaching the kingdom of God and teaching the things which concern the Lord Jesus Christ with all confidence, no one forbidding him.","preaching the kingdom of God and teaching the things which concern the Lord Jesus Christ with all confidence, no one forbidding him.",Fixed: verse text aligned to Bolls.life reference,"The updated verse was rebuilt from the reference text. Comparison ignores punctuation, capitalization, and italic styling."
Acts,4,18,edition difference in wording,And they called them and commanded them not to speak at all nor teach in the name of Jesus.,So they called them and commanded them not to speak at all nor teach in the name of Jesus.,So they called them and commanded them not to speak at all nor teach in the name of Jesus.,So they called them and commanded them not to speak at all nor teach in the name of Jesus.,Fixed: verse text aligned to Bolls.life reference,"The updated verse was rebuilt from the reference text. Comparison ignores punctuation, capitalization, and italic styling."
Acts,7,51,edition difference in wording,"""You stiffnecked and uncircumcised in heart and ears! You always resist the Holy Spirit; as your fathers did, so do you.","“You stiff-necked and uncircumcised in heart and ears! You always resist the Holy Spirit; as your fathers did, so do you.","“You stiff-necked and uncircumcised in heart and ears! You always resist the Holy Spirit; as your fathers did, so do you.","“ You stiff-necked and uncircumcised in heart and ears! You always resist the Holy Spirit; as your fathers did, so do you.",Fixed: verse text aligned to Bolls.life reference,"The updated verse was rebuilt from the reference text. Comparison ignores punctuation, capitalization, and italic styling."
Amos,9,15,edition difference in wording,"I will plant them in their land, And no longer shall they be pulled up From the land I have given them,"" Says the LORD your God. Obadiah","I will plant them in their land, And no longer shall they be pulled up From the land I have given them,” Says the LORD your God.","I will plant them in their land, And no longer shall they be pulled up From the land I have given them,” Says the LORD your God.","I will plant them in their land, And no longer shall they be pulled up From the land I have given them,” Says the LORD your God.",Fixed: verse text aligned to Bolls.life reference,"The updated verse was rebuilt from the reference text. Comparison ignores punctuation, capitalization, and italic styling."
Colossians,2,6,edition difference in wording,"As you have therefore received Christ Jesus the Lord, so walk in Him,","As you therefore have received Christ Jesus the Lord, so walk in Him,","As you therefore have received Christ Jesus the Lord, so walk in Him,","As you therefore have received Christ Jesus the Lord, so walk in Him,",Fixed: verse text aligned to Bolls.life reference,"The updated verse was rebuilt from the reference text. Comparison ignores punctuation, capitalization, and italic styling."
Colossians,4,18,edition difference in wording,This salutation by my own hand— Paul. Remember my chains. Grace be with you. Amen. 1 Thessalonians,This salutation by my own hand—Paul. Remember my chains. Grace be with you. Amen.,This salutation by my own hand—Paul. Remember my chains. Grace be with you. Amen.,This salutation by my own hand—Paul. Remember my chains. Grace be with you. Amen.,Fixed: verse text aligned to Bolls.life reference,"The updated verse was rebuilt from the reference text. Comparison ignores punctuation, capitalization, and italic styling."
Daniel,12,13,edition difference in wording,"""But you, go your way till the end; for you shall rest, and will arise to your inheritance at the end of the days."" Hosea","“But you, go your way till the end; for you shall rest, and will arise to your inheritance at the end of the days.”","“But you, go your way till the end; for you shall rest, and will arise to your inheritance at the end of the days.”","“But you, go your way till the end; for you shall rest, and will arise to your inheritance at the end of the days.”",Fixed: verse text aligned to Bolls.life reference,"The updated verse was rebuilt from the reference text. Comparison ignores punctuation, capitalization, and italic styling."
Daniel,2,12,edition difference in wording,"For this reason the king was angry and very furious, and gave a command to destroy all the wise men of Babylon.","For this reason the king was angry and very furious, and gave the command to destroy all the wise men of Babylon.","For this reason the king was angry and very furious, and gave the command to destroy all the wise men of Babylon.","For this reason the king was angry and very furious, and gave the command to destroy all the wise men of Babylon.",Fixed: verse text aligned to Bolls.life reference,"The updated verse was rebuilt from the reference text. Comparison ignores punctuation, capitalization, and italic styling."
Daniel,6,23,edition difference in wording,"Then the king was exceedingly glad for him, and commanded that they should take Daniel up out of the den. So Daniel was taken up out of the den, and no injury whatever was found on him, because he believed in his God.","Now the king was exceedingly glad for him, and commanded that they should take Daniel up out of the den. So Daniel was taken up out of the den, and no injury whatever was found on him, because he believed in his God.","Now the king was exceedingly glad for him, and commanded that they should take Daniel up out of the den. So Daniel was taken up out of the den, and no injury whatever was found on him, because he believed in his God.","Now the king was exceedingly glad for him, and commanded that they should take Daniel up out of the den. So Daniel was taken up out of the den, and no injury whatever was found on him, because he believed in his God.",Fixed: verse text aligned to Bolls.life reference,"The updated verse was rebuilt from the reference text. Comparison ignores punctuation, capitalization, and italic styling."
Daniel,8,13,edition difference in wording,"Then I heard a holy one speaking; and another holy one said to that certain one who was speaking, ""How long will the vision be, concerning the daily sacrifices and the transgression of desolation, the giving of both the sanctuary and the host to be trampled under foot?""","Then I heard a holy one speaking; and another holy one said to that certain one who was speaking, “How long will the vision be, concerning the daily sacrifices and the transgression of desolation, the giving of both the sanctuary and the host to be trampled underfoot?”","Then I heard a holy one speaking; and another holy one said to that certain one who was speaking, “How long will the vision be, concerning the daily sacrifices and the transgression of desolation, the giving of both the sanctuary and the host to be trampled underfoot?”","Then I heard a holy one speaking; and another holy one said to that certain one who was speaking, “How long will the vision be, concerning the daily sacrifices and the transgression of desolation, the giving of both the sanctuary and the host to be trampled underfoot?”",Fixed: verse text aligned to Bolls.life reference,"The updated verse was rebuilt from the reference text. Comparison ignores punctuation, capitalization, and italic styling."
Deuteronomy,1,22,edition difference in wording,"""And everyone of you came near to me and said, ‘Let us send men before us, and let them search out the land for us, and bring back word to us of the way by which we should go up, and of the cities into which we shall come.’","“And every one of you came near to me and said, ‘Let us send men before us, and let them search out the land for us, and bring back word to us of the way by which we should go up, and of the cities into which we shall come.’","“And every one of you came near to me and said, ‘Let us send men before us, and let them search out the land for us, and bring back word to us of the way by which we should go up, and of the cities into which we shall come.’","“And every one of you came near to me and said, ‘Let us send men before us, and let them search out the land for us, and bring back word to us of the way by which we should go up, and of the cities into which we shall come.’",Fixed: verse text aligned to Bolls.life reference,"The updated verse was rebuilt from the reference text. Comparison ignores punctuation, capitalization, and italic styling."
Deuteronomy,13,4,edition difference in wording,"""You shall walk after the LORD your God and fear Him, and keep His commandments and obey His voice, and you shall serve Him and hold fast to Him.","You shall walk after the LORD your God and fear Him, and keep His commandments and obey His voice; you shall serve Him and hold fast to Him.","You shall walk after the LORD your God and fear Him, and keep His commandments and obey His voice; you shall serve Him and hold fast to Him.","You shall walk after the LORD your God and fear Him, and keep His commandments and obey His voice; you shall serve Him and hold fast to Him.",Fixed: verse text aligned to Bolls.life reference,"The updated verse was rebuilt from the reference text. Comparison ignores punctuation, capitalization, and italic styling."
Deuteronomy,14,15,edition difference in wording,"""the ostrich, the short-eared owl, the seagull, and the hawk after their kinds;","the ostrich, the short-eared owl, the sea gull, and the hawk after their kinds;","the ostrich, the short-eared owl, the sea gull, and the hawk after their kinds;","the ostrich, the short-eared owl, the sea gull, and the hawk after their kinds;",Fixed: verse text aligned to Bolls.life reference,"The updated verse was rebuilt from the reference text. Comparison ignores punctuation, capitalization, and italic styling."
Deuteronomy,24,16,edition difference in wording,"""Fathers shall not be put to death for their children, nor shall the children be put to death for their fathers; a person shall be put to death for his own sin.","“Fathers shall not be put to death for their children, nor shall children be put to death for their fathers; a person shall be put to death for his own sin.","“Fathers shall not be put to death for their children, nor shall children be put to death for their fathers; a person shall be put to death for his own sin.","“Fathers shall not be put to death for their children, nor shall children be put to death for their fathers; a person shall be put to death for his own sin.",Fixed: verse text aligned to Bolls.life reference,"The updated verse was rebuilt from the reference text. Comparison ignores punctuation, capitalization, and italic styling."
Deuteronomy,29,23,edition difference in wording,"‘The whole land is brimstone, salt, and burning; it is not sown, nor does it bear, nor does any grass grow there, like the overthrow of Sodom and Gomorrah, Admah, and Zeboim, which the LORD overthrew in His anger and His wrath.’","‘The whole land is brimstone, salt, and burning; it is not sown, nor does it bear, nor does any grass grow there, like the overthrow of Sodom and Gomorrah, Admah, and Zeboiim, which the LORD overthrew in His anger and His wrath.’","‘The whole land is brimstone, salt, and burning; it is not sown, nor does it bear, nor does any grass grow there, like the overthrow of Sodom and Gomorrah, Admah, and Zeboiim, which the LORD overthrew in His anger and His wrath.’","‘The whole land is brimstone, salt, and burning; it is not sown, nor does it bear, nor does any grass grow there, like the overthrow of Sodom and Gomorrah, Admah, and Zeboiim, which the LORD overthrew in His anger and His wrath.’",Fixed: verse text aligned to Bolls.life reference,"The updated verse was rebuilt from the reference text. Comparison ignores punctuation, capitalization, and italic styling."
Deuteronomy,32,22,edition difference in wording,"For a fire is kindled by my anger, And shall burn to the lowest hell; It shall consume the earth with her increase, And set on fire the foundations of the mountains.","For a fire is kindled in My anger, And shall burn to the lowest hell; It shall consume the earth with her increase, And set on fire the foundations of the mountains.","For a fire is kindled in My anger, And shall burn to the lowest hell; It shall consume the earth with her increase, And set on fire the foundations of the mountains.","For a fire is kindled in My anger, And shall burn to the lowest hell; It shall consume the earth with her increase, And set on fire the foundations of the mountains.",Fixed: verse text aligned to Bolls.life reference,"The updated verse was rebuilt from the reference text. Comparison ignores punctuation, capitalization, and italic styling."
Deuteronomy,34,12,edition difference in wording,and by all that mighty power and all the great terror which Moses performed in the sight of all Israel. Joshua,and by all that mighty power and all the great terror which Moses performed in the sight of all Israel.,and by all that mighty power and all the great terror which Moses performed in the sight of all Israel.,and by all that mighty power and all the great terror which Moses performed in the sight of all Israel.,Fixed: verse text aligned to Bolls.life reference,"The updated verse was rebuilt from the reference text. Comparison ignores punctuation, capitalization, and italic styling."
Deuteronomy,7,16,edition difference in wording,"""And you shall destroy all the peoples whom the LORD your God delivers over to you; your eye shall have no pity on them; nor shall you serve their gods, for that will be a snare to you.","Also you shall destroy all the peoples whom the LORD your God delivers over to you; your eye shall have no pity on them; nor shall you serve their gods, for that will be a snare to you.","Also you shall destroy all the peoples whom the LORD your God delivers over to you; your eye shall have no pity on them; nor shall you serve their gods, for that will be a snare to you.","Also you shall destroy all the peoples whom the LORD your God delivers over to you; your eye shall have no pity on them; nor shall you serve their gods, for that will be a snare to you.",Fixed: verse text aligned to Bolls.life reference,"The updated verse was rebuilt from the reference text. Comparison ignores punctuation, capitalization, and italic styling."
Ecclesiastes,12,14,edition difference in wording,"For God will bring every work into judgment, Including every secret thing, Whether good or evil. Song of Solomon","For God will bring every work into judgment, Including every secret thing, Whether good or evil.","For God will bring every work into judgment, Including every secret thing, Whether good or evil.","For God will bring every work into judgment, Including every secret thing, Whether good or evil.",Fixed: verse text aligned to Bolls.life reference,"The updated verse was rebuilt from the reference text. Comparison ignores punctuation, capitalization, and italic styling."
Ephesians,1,6,edition difference in wording,"to the praise of the glory of His grace, by which He has made us accepted in the Beloved.","to the praise of the glory of His grace, by which He made us accepted in the Beloved.","to the praise of the glory of His grace, by which He made us accepted in the Beloved.","to the praise of the glory of His grace, by which He made us accepted in the Beloved.",Fixed: verse text aligned to Bolls.life reference,"The updated verse was rebuilt from the reference text. Comparison ignores punctuation, capitalization, and italic styling."
Ephesians,2,20,edition difference in wording,"having been built on the foundation of the apostles and prophets, Jesus Christ Himself being the chief cornerstone,","having been built on the foundation of the apostles and prophets, Jesus Christ Himself being the chief cornerstone,","having been built on the foundation of the apostles and prophets, Jesus Christ Himself being the chief cornerstone,","having been built on the foundation of the apostles and prophets, Jesus Christ Himself being the chief corner stone,",Fixed: verse text aligned to Bolls.life reference,"The updated verse was rebuilt from the reference text. Comparison ignores punctuation, capitalization, and italic styling."
Ephesians,2,21,edition difference in wording,"in whom the whole building, being joined together, grows into a holy temple in the Lord,","in whom the whole building, being fitted together, grows into a holy temple in the Lord,","in whom the whole building, being fitted together, grows into a holy temple in the Lord,","in whom the whole building, being fitted together, grows into a holy temple in the Lord,",Fixed: verse text aligned to Bolls.life reference,"The updated verse was rebuilt from the reference text. Comparison ignores punctuation, capitalization, and italic styling."
Ephesians,4,32,edition difference in wording,"And be kind to one another, tenderhearted, forgiving one another, just as God in Christ forgave you.","And be kind to one another, tenderhearted, forgiving one another, even as God in Christ forgave you.","And be kind to one another, tenderhearted, forgiving one another, even as God in Christ forgave you.","And be kind to one another, tenderhearted, forgiving one another, even as God in Christ forgave you.",Fixed: verse text aligned to Bolls.life reference,"The updated verse was rebuilt from the reference text. Comparison ignores punctuation, capitalization, and italic styling."
Ephesians,6,24,edition difference in wording,Grace be with all those who love our Lord Jesus Christ in sincerity. Amen. Philippians,Grace be with all those who love our Lord Jesus Christ in sincerity. Amen.,Grace be with all those who love our Lord Jesus Christ in sincerity. Amen.,Grace be with all those who love our Lord Jesus Christ in sincerity. Amen.,Fixed: verse text aligned to Bolls.life reference,"The updated verse was rebuilt from the reference text. Comparison ignores punctuation, capitalization, and italic styling."
Esther,10,3,edition difference in wording,"For Mordecai the Jew was second to King Ahasuerus, and was great among the Jews and well received by the multitude of his brethren, seeking the good of his people and speaking peace to all his countrymen. Job","For Mordecai the Jew was second to King Ahasuerus, and was great among the Jews and well received by the multitude of his brethren, seeking the good of his people and speaking peace to all his countrymen.","For Mordecai the Jew was second to King Ahasuerus, and was great among the Jews and well received by the multitude of his brethren, seeking the good of his people and speaking peace to all his countrymen.","For Mordecai the Jew was second to King Ahasuerus, and was great among the Jews and well received by the multitude of his brethren, seeking the good of his people and speaking peace to all his countrymen.",Fixed: verse text aligned to Bolls.life reference,"The updated verse was rebuilt from the reference text. Comparison ignores punctuation, capitalization, and italic styling."
Esther,9,17,edition difference in wording,This was on the thirteenth day of the month of Adar. And on the fourteenth day of the month they rested and made it a day of feasting and gladness.,This was on the thirteenth day of the month of Adar. And on the fourteenth of the month they rested and made it a day of feasting and gladness.,This was on the thirteenth day of the month of Adar. And on the fourteenth of the month they rested and made it a day of feasting and gladness.,This was on the thirteenth day of the month of Adar. And on the fourteenth of the month they rested and made it a day of feasting and gladness.,Fixed: verse text aligned to Bolls.life reference,"The updated verse was rebuilt from the reference text. Comparison ignores punctuation, capitalization, and italic styling."
Exodus,10,29,edition difference in wording,"And Moses said, ""You have spoken well. I will never see your face again.""","So Moses said, “You have spoken well. I will never see your face again.”","So Moses said, “You have spoken well. I will never see your face again.”","So Moses said, “You have spoken well. I will never see your face again.”",Fixed: verse text aligned to Bolls.life reference,"The updated verse was rebuilt from the reference text. Comparison ignores punctuation, capitalization, and italic styling."
Exodus,11,1,edition difference in wording,"And the LORD said to Moses, ""I will bring yet one more plague on Pharaoh and on Egypt. Afterward he will let you go from here. When he lets you go, he will surely drive you out of here altogether.","And the LORD said to Moses, “I will bring one more plague on Pharaoh and on Egypt. Afterward he will let you go from here. When he lets you go, he will surely drive you out of here altogether.","And the LORD said to Moses, “I will bring one more plague on Pharaoh and on Egypt. Afterward he will let you go from here. When he lets you go, he will surely drive you out of here altogether.","And the LORD said to Moses, “I will bring one more plague on Pharaoh and on Egypt. Afterward he will let you go from here. When he lets you go, he will surely drive you out of here altogether.",Fixed: verse text aligned to Bolls.life reference,"The updated verse was rebuilt from the reference text. Comparison ignores punctuation, capitalization, and italic styling."
Exodus,12,3,edition difference in wording,"""Speak to all the congregation of Israel, saying: ‘On the tenth day of this month every man shall take for himself a lamb, according to the house of his father, a lamb for a household.","Speak to all the congregation of Israel, saying: ‘On the tenth of this month every man shall take for himself a lamb, according to the house of his father, a lamb for a household.","Speak to all the congregation of Israel, saying: ‘On the tenth of this month every man shall take for himself a lamb, according to the house of his father, a lamb for a household.","Speak to all the congregation of Israel, saying: ‘On the tenth of this month every man shall take for himself a lamb, according to the house of his father, a lamb for a household.",Fixed: verse text aligned to Bolls.life reference,"The updated verse was rebuilt from the reference text. Comparison ignores punctuation, capitalization, and italic styling."
Exodus,16,26,edition difference in wording,"""Six days you shall gather it, but on the seventh day, which is the Sabbath, there will be none.""","Six days you shall gather it, but on the seventh day, the Sabbath, there will be none.”","Six days you shall gather it, but on the seventh day, the Sabbath, there will be none.”","Six days you shall gather it, but on the seventh day, the Sabbath, there will be none.”",Fixed: verse text aligned to Bolls.life reference,"The updated verse was rebuilt from the reference text. Comparison ignores punctuation, capitalization, and italic styling."
Exodus,17,2,edition difference in wording,"Therefore the people contended with Moses, and said, ""Give us water, that we may drink."" And Moses said to them, ""Why do you contend with me? Why do you tempt the LORD?""","Therefore the people contended with Moses, and said, “Give us water, that we may drink.” So Moses said to them, “Why do you contend with me? Why do you tempt the LORD?”","Therefore the people contended with Moses, and said, “Give us water, that we may drink.” So Moses said to them, “Why do you contend with me? Why do you tempt the LORD?”","Therefore the people contended with Moses, and said, “Give us water, that we may drink.” So Moses said to them, “Why do you contend with me? Why do you tempt the LORD?”",Fixed: verse text aligned to Bolls.life reference,"The updated verse was rebuilt from the reference text. Comparison ignores punctuation, capitalization, and italic styling."
Exodus,19,17,edition difference in wording,"And Moses brought the people out of the camp to meet with God, and they stood at the foot of the mountain.","And Moses brought th e people out of the camp to meet with God, and they stood at the foot of the mountain.","And Moses brought the people out of the camp to meet with God, and they stood at the foot of the mountain.","And Moses brought the people out of the camp to meet with God, and they stood at the foot of the mountain.",Fixed: verse text aligned to Bolls.life reference,"The updated verse was rebuilt from the reference text. Comparison ignores punctuation, capitalization, and italic styling. The Bolls data split “the” as “th e”; the split was repaired before applying it."
Exodus,2,6,edition difference in wording,"And when she had opened it, she saw the child, and behold, the baby wept. So she had compassion on him, and said, ""This is one of the Hebrews’ children.""","And when she opened it, she saw the child, and behold, the baby wept. So she had compassion on him, and said, “This is one of the Hebrews’ children.”","And when she opened it, she saw the child, and behold, the baby wept. So she had compassion on him, and said, “This is one of the Hebrews’ children.”","And when she opened it, she saw the child, and behold, the baby wept. So she had compassion on him, and said, “This is one of the Hebrews’ children.”",Fixed: verse text aligned to Bolls.life reference,"The updated verse was rebuilt from the reference text. Comparison ignores punctuation, capitalization, and italic styling."
Exodus,2,22,edition difference in wording,"And she bore him a son, and he called his name Gershom; for he said, ""I have been a stranger in a foreign land.""","And she bore him a son. He called his name Gershom, for he said, “I have been a stranger in a foreign land.”","And she bore him a son. He called his name Gershom, for he said, “I have been a stranger in a foreign land.”","And she bore him a son. He called his name Gershom, for he said, “I have been a stranger in a foreign land.”",Fixed: verse text aligned to Bolls.life reference,"The updated verse was rebuilt from the reference text. Comparison ignores punctuation, capitalization, and italic styling."
Exodus,20,4,edition difference in wording,"""You shall not make for yourself a carved image, or any likeness of anything that is in heaven above, or that is in the earth beneath, or that is in the water under the earth;","“You shall not make for yourself a carved image—any likeness of anything that is in heaven above, or that is in the earth beneath, or that is in the water under the earth;","“You shall not make for yourself a carved image—any likeness of anything that is in heaven above, or that is in the earth beneath, or that is in the water under the earth;","“You shall not make for yourself a carved image—any likeness of anything that is in heaven above, or that is in the earth beneath, or that is in the water under the earth;",Fixed: verse text aligned to Bolls.life reference,"The updated verse was rebuilt from the reference text. Comparison ignores punctuation, capitalization, and italic styling."
Exodus,20,5,edition difference in wording,"you shall not bow down to them nor serve them. For I, the LORD your God, am a jealous God, visiting the iniquity of the fathers on the children to the third and fourth generations of those who hate Me,","you shall not bow down to them nor serve them. For I, the LORD your God, am a jealous God, visiting the iniquity of the fathers upon the children to the third and fourth generations of those who hate Me,","you shall not bow down to them nor serve them. For I, the LORD your God, am a jealous God, visiting the iniquity of the fathers upon the children to the third and fourth generations of those who hate Me,","you shall not bow down to them nor serve them. For I, the LORD your God, am a jealous God, visiting the iniquity of the fathers upon the children to the third and fourth generations of those who hate Me,",Fixed: verse text aligned to Bolls.life reference,"The updated verse was rebuilt from the reference text. Comparison ignores punctuation, capitalization, and italic styling."
Exodus,23,29,edition difference in wording,"""I will not drive them out from before you in one year, lest the land become desolate and the beast of the field become too numerous for you.","I will not drive them out from before you in one year, lest the land become desolate and the beasts of the field become too numerous for you.","I will not drive them out from before you in one year, lest the land become desolate and the beasts of the field become too numerous for you.","I will not drive them out from before you in one year, lest the land become desolate and the beasts of the field become too numerous for you.",Fixed: verse text aligned to Bolls.life reference,"The updated verse was rebuilt from the reference text. Comparison ignores punctuation, capitalization, and italic styling."
Exodus,26,25,edition difference in wording,"""So there shall be eight boards with their sockets of silver—sixteen sockets—two sockets under each board.",So there shall be eight boards with their sockets of silver—sixteen sockets—two sockets under each of the boards.,So there shall be eight boards with their sockets of silver—sixteen sockets—two sockets under each of the boards.,So there shall be eight boards with their sockets of silver—sixteen sockets—two sockets under each of the boards.,Fixed: verse text aligned to Bolls.life reference,"The updated verse was rebuilt from the reference text. Comparison ignores punctuation, capitalization, and italic styling."
Exodus,26,37,edition difference in wording,"""And you shall make for the screen five pillars of acacia wood, and overlay them with gold; their hooks shall be of gold, and you shall cast five sockets of bronze for them.","And you shall make for the screen five pillars of acacia wood, and overlay them with gold; their hooks shall be gold, and you shall cast five sockets of bronze for them.","And you shall make for the screen five pillars of acacia wood, and overlay them with gold; their hooks shall be gold, and you shall cast five sockets of bronze for them.","And you shall make for the screen five pillars of acacia wood, and overlay them with gold; their hooks shall be gold, and you shall cast five sockets of bronze for them.",Fixed: verse text aligned to Bolls.life reference,"The updated verse was rebuilt from the reference text. Comparison ignores punctuation, capitalization, and italic styling."
Exodus,28,5,edition difference in wording,"""They shall take the gold, blue, purple, and scarlet thread, and fine linen,","“They shall take the gold, blue, purple, and scarlet thread, and the fine linen,","“They shall take the gold, blue, purple, and scarlet thread, and the fine linen,","“They shall take the gold, blue, purple, and scarlet thread, and the fine linen,",Fixed: verse text aligned to Bolls.life reference,"The updated verse was rebuilt from the reference text. Comparison ignores punctuation, capitalization, and italic styling."
Exodus,31,6,edition difference in wording,"""And I, indeed I, have appointed with him Aholiab the son of Ahisamach, of the tribe of Dan; and I have put wisdom in the hearts of all who are gifted artisans, that they may make all that I have commanded you:","“And I, indeed I, have appointed with him Aholiab the son of Ahisamach, of the tribe of Dan; and I have put wisdom in the hearts of all the gifted artisans, that they may make all that I have commanded you:","“And I, indeed I, have appointed with him Aholiab the son of Ahisamach, of the tribe of Dan; and I have put wisdom in the hearts of all the gifted artisans, that they may make all that I have commanded you:","“And I, indeed I, have appointed with him Aholiab the son of Ahisamach, of the tribe of Dan; and I have put wisdom in the hearts of all the gifted artisans, that they may make all that I have commanded you:",Fixed: verse text aligned to Bolls.life reference,"The updated verse was rebuilt from the reference text. Comparison ignores punctuation, capitalization, and italic styling."
Exodus,35,26,edition difference in wording,And all the women whose heart stirred with wisdom spun yarn of goats’ hair.,And all the women whose hearts stirred with wisdom spun yarn of goats’ hair.,And all the women whose hearts stirred with wisdom spun yarn of goats’ hair.,And all the women whose hearts stirred with wisdom spun yarn of goats’ hair.,Fixed: verse text aligned to Bolls.life reference,"The updated verse was rebuilt from the reference text. Comparison ignores punctuation, capitalization, and italic styling."
Exodus,4,9,edition difference in wording,"""And it shall be, if they do not believe even these two signs, or listen to your voice, that you shall take water from the river and pour it on the dry land. And the water which you take from the river will become blood on the dry land.""","And it shall be, if they do not believe even these two signs, or listen to your voice, that you shall take water from the river and pour it on the dry land. The water which you take from the river will become blood on the dry land.”","And it shall be, if they do not believe even these two signs, or listen to your voice, that you shall take water from the river and pour it on the dry land. The water which you take from the river will become blood on the dry land.”","And it shall be, if they do not believe even these two signs, or listen to your voice, that you shall take water from the river and pour it on the dry land. The water which you take from the river will become blood on the dry land. ”",Fixed: verse text aligned to Bolls.life reference,"The updated verse was rebuilt from the reference text. Comparison ignores punctuation, capitalization, and italic styling."
Exodus,4,19,edition difference in wording,"And the LORD said to Moses in Midian, ""Go, return to Egypt; for all the men who sought your life are dead.""","Now the LORD said to Moses in Midian, “Go, return to Egypt; for all the men who sought your life are dead.”","Now the LORD said to Moses in Midian, “Go, return to Egypt; for all the men who sought your life are dead.”","Now the LORD said to Moses in Midian, “Go, return to Egypt; for all the men who sought your life are dead.”",Fixed: verse text aligned to Bolls.life reference,"The updated verse was rebuilt from the reference text. Comparison ignores punctuation, capitalization, and italic styling."
Exodus,40,38,edition difference in wording,"For the cloud of the LORD was above the tabernacle by day, and fire was over it by night, in the sight of all the house of Israel, throughout all their journeys. Leviticus","For the cloud of the LORD was above the tabernacle by day, and fire was over it by night, in the sight of all the house of Israel, throughout all their journeys.","For the cloud of the LORD was above the tabernacle by day, and fire was over it by night, in the sight of all the house of Israel, throughout all their journeys.","For the cloud of the LORD was above the tabernacle by day, and fire was over it by night, in the sight of all the house of Israel, throughout all their journeys.",Fixed: verse text aligned to Bolls.life reference,"The updated verse was rebuilt from the reference text. Comparison ignores punctuation, capitalization, and italic styling."
Exodus,6,19,edition difference in wording,The sons of Merari were Mahali and Mushi. These are the families of Levi according to their generations.,The sons of Merari were Mahli and Mushi. These are the families of Levi according to their generations.,The sons of Merari were Mahli and Mushi. These are the families of Levi according to their generations.,The sons of Merari were Mahli and Mushi. These are the families of Levi according to their generations.,Fixed: verse text aligned to Bolls.life reference,"The updated verse was rebuilt from the reference text. Comparison ignores punctuation, capitalization, and italic styling."
Exodus,7,2,edition difference in wording,"""You shall speak all that I command you. And Aaron your brother shall speak to Pharaoh to send the children of Israel out of his land.",You shall speak all that I command you. And Aaron your brother shall tell Pharaoh to send the children of Israel out of his land.,You shall speak all that I command you. And Aaron your brother shall tell Pharaoh to send the children of Israel out of his land.,You shall speak all that I command you. And Aaron your brother shall tell Pharaoh to send the children of Israel out of his land.,Fixed: verse text aligned to Bolls.life reference,"The updated verse was rebuilt from the reference text. Comparison ignores punctuation, capitalization, and italic styling."
Exodus,8,28,edition difference in wording,"And Pharaoh said, ""I will let you go, that you may sacrifice to the LORD your God in the wilderness; only you shall not go very far away. Intercede for me.""","So Pharaoh said, “I will let you go, that you may sacrifice to the LORD your God in the wilderness; only you shall not go very far away. Intercede for me.”","So Pharaoh said, “I will let you go, that you may sacrifice to the LORD your God in the wilderness; only you shall not go very far away. Intercede for me.”","So Pharaoh said, “I will let you go, that you may sacrifice to the LORD your God in the wilderness; only you shall not go very far away. Intercede for me.”",Fixed: verse text aligned to Bolls.life reference,"The updated verse was rebuilt from the reference text. Comparison ignores punctuation, capitalization, and italic styling."
Ezekiel,36,5,edition difference in wording,"‘therefore thus says the Lord GOD: ""Surely I have spoken in My burning jealousy against the rest of the nations and against all Edom, who gave My land to themselves as a possession, with whole-hearted joy and spiteful minds, in order to plunder its open country.""’","therefore thus says the Lord GOD: “Surely I have spoken in My burning jealousy against the rest of the nations and against all Edom, who gave My land to themselves as a possession, with wholehearted joy and spiteful minds, in order to plunder its open country.” ’","therefore thus says the Lord GOD: “Surely I have spoken in My burning jealousy against the rest of the nations and against all Edom, who gave My land to themselves as a possession, with wholehearted joy and spiteful minds, in order to plunder its open country.” ’","therefore thus says the Lord GOD: “Surely I have spoken in My burning jealousy against the rest of the nations and against all Edom, who gave My land to themselves as a possession, with wholehearted joy and spiteful minds, in order to plunder its open country.”’",Fixed: verse text aligned to Bolls.life reference,"The updated verse was rebuilt from the reference text. Comparison ignores punctuation, capitalization, and italic styling."
Ezekiel,48,35,edition difference in wording,"""All the way around shall be eighteen thousand cubits;and the name of the city from that day shall be: THE LORD IS THERE."" Daniel",All the way around shall be eighteen thousand cubits; and the name of the city from that day shall be: THE LORD IS THERE.”,All the way around shall be eighteen thousand cubits; and the name of the city from that day shall be: THE LORD IS THERE.”,All the way around shall be eighteen thousand cubits; and the name of the city from that day shall be: THE LORD IS THERE.”,Fixed: verse text aligned to Bolls.life reference,"The updated verse was rebuilt from the reference text. Comparison ignores punctuation, capitalization, and italic styling."
Ezra,10,44,edition difference in wording,"All these had taken pagan wives, and some of them had wives by whom they had children. Nehemiah","All these had taken pagan wives, and some of them had wives by whom they had children.","All these had taken pagan wives, and some of them had wives by whom they had children.","All these had taken pagan wives, and some of them had wives by whom they had children.",Fixed: verse text aligned to Bolls.life reference,"The updated verse was rebuilt from the reference text. Comparison ignores punctuation, capitalization, and italic styling."
Galatians,6,18,edition difference in wording,"Brethren, the grace of our Lord Jesus Christ be with your spirit. Amen. Ephesians","Brethren, the grace of our Lord Jesus Christ be with your spirit. Amen.","Brethren, the grace of our Lord Jesus Christ be with your spirit. Amen.","Brethren, the grace of our Lord Jesus Christ be with your spirit. Amen.",Fixed: verse text aligned to Bolls.life reference,"The updated verse was rebuilt from the reference text. Comparison ignores punctuation, capitalization, and italic styling."
Genesis,26,9,edition difference in wording,"Then Abimelech called Isaac and said, ""Quite obviously she is your wife; so how could you say, ‘She is my sister’?"" And Isaac said to him, ""Because I said, ‘Lest I die on account of her.’""","Then Abimelech called Isaac and said, “Quite obviously she is your wife; so how could you say, ‘She is my sister’?” Isaac said to him, “Because I said, ‘Lest I die on account of her.’ ”","Then Abimelech called Isaac and said, “Quite obviously she is your wife; so how could you say, ‘She is my sister’?” Isaac said to him, “Because I said, ‘Lest I die on account of her.’ ”","Then Abimelech called Isaac and said, “Quite obviously she is your wife; so how could you say, ‘She is my sister’?” Isaac said to him, “Because I said, ‘Lest I die on account of her.’”",Fixed: verse text aligned to Bolls.life reference,"The updated verse was rebuilt from the reference text. Comparison ignores punctuation, capitalization, and italic styling."
Genesis,27,21,edition difference in wording,"Then Isaac said to Jacob, ""Please come near, that I may feel you, my son, whether you are really my son Esau or not.""","Isaac said to Jacob, “Please come near, that I may feel you, my son, whether you are really my son Esau or not.”","Isaac said to Jacob, “Please come near, that I may feel you, my son, whether you are really my son Esau or not.”","Isaac said to Jacob, “Please come near, that I may feel you, my son, whether you are really my son Esau or not.”",Fixed: verse text aligned to Bolls.life reference,"The updated verse was rebuilt from the reference text. Comparison ignores punctuation, capitalization, and italic styling."
Genesis,32,30,edition difference in wording,"And Jacob called the name of the place Peniel: ""For I have seen God face to face, and my life is preserved.""","So Jacob called the name of the place Peniel: “For I have seen God face to face, and my life is preserved.”","So Jacob called the name of the place Peniel: “For I have seen God face to face, and my life is preserved.”","So Jacob called the name of the place Peniel: “For I have seen God face to face, and my life is preserved.”",Fixed: verse text aligned to Bolls.life reference,"The updated verse was rebuilt from the reference text. Comparison ignores punctuation, capitalization, and italic styling."
Genesis,4,17,edition difference in wording,"And Cain knew his wife, and she conceived and bore Enoch. And he built a city, and called the name of the city after the name of his son—Enoch.","And Cain knew his wife, and she conceived and bore Ē´noch. And he built a city, and called the name of the city after the name of his son—Ē´noch.","And Cain knew his wife, and she conceived and bore Ē´noch. And he built a city, and called the name of the city after the name of his son—Ē´noch.","And Cain knew his wife, and she conceived and bore Ē´noch. And he built a city, and called the name of the city after the name of his son—Ē´noch.",Fixed: verse text aligned to Bolls.life reference,"The updated verse was rebuilt from the reference text. Comparison ignores punctuation, capitalization, and italic styling."
Genesis,4,18,edition difference in wording,"To Enoch was born Irad; and Irad begot Mehujael, and Mehujael begot Methushael, and Methushael begot Lamech.","To Ē´noch was born Irad; and Irad begot Mehujael, and Mehujael begot Methushael, and Methushael begot Lamech.","To Ē´noch was born Irad; and Irad begot Mehujael, and Mehujael begot Methushael, and Methushael begot Lamech.","To Ē´noch was born Irad; and Irad begot Mehujael, and Mehujael begot Methushael, and Methushael begot Lamech.",Fixed: verse text aligned to Bolls.life reference,"The updated verse was rebuilt from the reference text. Comparison ignores punctuation, capitalization, and italic styling."
Genesis,4,26,edition difference in wording,"And as for Seth, to him also a son was born; and he named him Enosh. Then men began to call on the name of the LORD.","And as for Seth, to him also a son was born; and he named him Ē´nosh. Then men began to call on the name of the LORD.","And as for Seth, to him also a son was born; and he named him Ē´nosh. Then men began to call on the name of the LORD.","And as for Seth, to him also a son was born; and he named him Ē´nosh. Then men began to call on the name of the LORD.",Fixed: verse text aligned to Bolls.life reference,"The updated verse was rebuilt from the reference text. Comparison ignores punctuation, capitalization, and italic styling."
Genesis,42,20,edition difference in wording,"""And bring your youngest brother to me; so your words will be verified, and you shall not die."" And they did so.","And bring your young est brother to me; so your words will be verified, and you shall not die.” And they did so.","And bring your youngest brother to me; so your words will be verified, and you shall not die.” And they did so.","And bring your youngest brother to me; so your words will be verified, and you shall not die.” And they did so.",Fixed: verse text aligned to Bolls.life reference,"The updated verse was rebuilt from the reference text. Comparison ignores punctuation, capitalization, and italic styling. The Bolls data split “youngest” as “young est”; the split was repaired before applying it."
Genesis,43,18,edition difference in wording,"Now the men were afraid because they were brought into Joseph’s house; and they said, ""It is because of the money, which was returned in our sacks the first time, that we are brought in, so that he may make a case against us and fall upon us, to take us as slaves with our donkeys.""","Now the men were afraid because they were brought into Joseph’s house; and they said, “It is because of the money, which was returned in our sacks the first time, that we are brought in, so that he may make a case against us and seize us, to take us as slaves with our donkeys.”","Now the men were afraid because they were brought into Joseph’s house; and they said, “It is because of the money, which was returned in our sacks the first time, that we are brought in, so that he may make a case against us and seize us, to take us as slaves with our donkeys.”","Now the men were afraid because they were brought into Joseph’s house; and they said, “ It is because of the money, which was returned in our sacks the first time, that we are brought in, so that he may make a case against us and seize us, to take us as slaves with our donkeys.”",Fixed: verse text aligned to Bolls.life reference,"The updated verse was rebuilt from the reference text. Comparison ignores punctuation, capitalization, and italic styling."
Genesis,50,4,edition difference in wording,"And when the days of his mourning were past, Joseph spoke to the household of Pharaoh, saying, ""If now I have found favor in your eyes, please speak in the hearing of Pharaoh, saying,","Now when the days of his mourning were past, Joseph spoke to the household of Pharaoh, saying, “If now I have found favor in your eyes, please speak in the hearing of Pharaoh, saying,","Now when the days of his mourning were past, Joseph spoke to the household of Pharaoh, saying, “If now I have found favor in your eyes, please speak in the hearing of Pharaoh, saying,","Now when the days of his mourning were past, Joseph spoke to the household of Pharaoh, saying, “If now I have found favor in your eyes, please speak in the hearing of Pharaoh, saying,",Fixed: verse text aligned to Bolls.life reference,"The updated verse was rebuilt from the reference text. Comparison ignores punctuation, capitalization, and italic styling."
Genesis,50,26,edition difference in wording,"So Joseph died, being one hundred and ten years old; and they embalmed him, and he was put in a coffin in Egypt. Exodus","So Joseph died, being one hundred and ten years old; and they embalmed him, and he was put in a coffin in Egypt.","So Joseph died, being one hundred and ten years old; and they embalmed him, and he was put in a coffin in Egypt.","So Joseph died, being one hundred and ten years old; and they embalmed him, and he was put in a coffin in Egypt.",Fixed: verse text aligned to Bolls.life reference,"The updated verse was rebuilt from the reference text. Comparison ignores punctuation, capitalization, and italic styling."
Habakkuk,3,19,edition difference in wording,"The LORD God is my strength; He will make my feet like deer’s feet, And He will make me walk on my high hills. To the Chief Musician. With my stringed instruments. Zephaniah","The LORD God is my strength; He will make my feet like deer’s feet, And He will make me walk on my high hills. To the Chief Musician. With my stringed instruments.","The LORD God is my strength; He will make my feet like deer’s feet, And He will make me walk on my high hills. To the Chief Musician. With my stringed instruments.","The LORD God is my strength; He will make my feet like deer’s feet, And He will make me walk on my high hills. To the Chief Musician. With my stringed instruments.",Fixed: verse text aligned to Bolls.life reference,"The updated verse was rebuilt from the reference text. Comparison ignores punctuation, capitalization, and italic styling."
Haggai,2,23,edition difference in wording,"‘In that day,’ says the LORD of hosts, ‘I will take you, Zerubbabel My servant, the son of Shealtiel,’ says the LORD, ‘and will make you like a signet ring; for I have chosen you,’ says the LORD of hosts."" Zechariah","‘In that day,’ says the LORD of hosts, ‘I will take you, Zerubbabel My servant, the son of Shealtiel,’ says the LORD, ‘and will make you like a signet ring; for I have chosen you,’ says the LORD of hosts.”","‘In that day,’ says the LORD of hosts, ‘I will take you, Zerubbabel My servant, the son of Shealtiel,’ says the LORD, ‘and will make you like a signet ring; for I have chosen you,’ says the LORD of hosts.”","‘In that day,’ says the LORD of hosts, ‘I will take you, Zerubbabel My servant, the son of Shealtiel,’ says the LORD, ‘and will make you like a signet ring; for I have chosen you,’ says the LORD of hosts.”",Fixed: verse text aligned to Bolls.life reference,"The updated verse was rebuilt from the reference text. Comparison ignores punctuation, capitalization, and italic styling."
Hebrews,11,35,edition difference in wording,"Women received their dead raised to life again. And others were tortured, not accepting deliverance, that they might obtain a better resurrection.","Women received their dead raised to life again. Others were tortured, not accepting deliverance, that they might obtain a better resurrection.","Women received their dead raised to life again. Others were tortured, not accepting deliverance, that they might obtain a better resurrection.","Women received their dead raised to life again. Others were tortured, not accepting deliverance, that they might obtain a better resurrection.",Fixed: verse text aligned to Bolls.life reference,"The updated verse was rebuilt from the reference text. Comparison ignores punctuation, capitalization, and italic styling."
Hebrews,13,25,edition difference in wording,Grace be with you all. Amen. James,Grace be with you all. Amen.,Grace be with you all. Amen.,Grace be with you all. Amen.,Fixed: verse text aligned to Bolls.life reference,"The updated verse was rebuilt from the reference text. Comparison ignores punctuation, capitalization, and italic styling."
Hebrews,6,8,edition difference in wording,"but if it bears thorns and briars, it is rejected and near to being cursed, whose end is to be burned.","but if it bears thorns and briers, it is rejected and near to being cursed, whose end is to be burned.","but if it bears thorns and briers, it is rejected and near to being cursed, whose end is to be burned.","but if it bears thorns and briers, it is rejected and near to being cursed, whose end is to be burned.",Fixed: verse text aligned to Bolls.life reference,"The updated verse was rebuilt from the reference text. Comparison ignores punctuation, capitalization, and italic styling."
Hosea,14,9,edition difference in wording,"Who is wise? Let him understand these things. Who is prudent? Let him know them. For the ways of the LORD are right; The righteous walk in them, But transgressors stumble in them. Joel","Who is wise? Let him understand these things. Who is prudent? Let him know them. For the ways of the LORD are right; The righteous walk in them, But transgressors stumble in them.","Who is wise? Let him understand these things. Who is prudent? Let him know them. For the ways of the LORD are right; The righteous walk in them, But transgressors stumble in them.","Who is wise? Let him understand these things. Who is prudent? Let him know them. For the ways of the LORD are right; The righteous walk in them, But transgressors stumble in them.",Fixed: verse text aligned to Bolls.life reference,"The updated verse was rebuilt from the reference text. Comparison ignores punctuation, capitalization, and italic styling."
Isaiah,23,17,edition difference in wording,"And it shall be, at the end of seventy years, that the LORD will visit Tyre. She will return to her hire, and commit fornication with all the kingdoms of the world on the face of the earth.","And it shall be, at the end of seventy years, that the LORD will deal with Tyre. She will return to her hire, and commit fornication with all the kingdoms of the world on the face of the earth.","And it shall be, at the end of seventy years, that the LORD will deal with Tyre. She will return to her hire, and commit fornication with all the kingdoms of the world on the face of the earth.","And it shall be, at the end of seventy years, that the LORD will deal with Tyre. She will return to her hire, and commit fornication with all the kingdoms of the world on the face of the earth.",Fixed: verse text aligned to Bolls.life reference,"The updated verse was rebuilt from the reference text. Comparison ignores punctuation, capitalization, and italic styling."
Isaiah,30,22,edition difference in wording,"You will also defile the covering of your graven images of silver, And the ornament of your molded images of gold. You will throw them away as an unclean thing; You will say to them, ""Get away!""","You will also defile the covering of your images of silver, And the ornament of your molded images of gold. You will throw them away as an unclean thing; You will say to them, “Get away!”","You will also defile the covering of your images of silver, And the ornament of your molded images of gold. You will throw them away as an unclean thing; You will say to them, “Get away!”","You will also defile the covering of your images of silver, And the ornament of your molded images of gold. You will throw them away as an unclean thing; You will say to them, “Get away!”",Fixed: verse text aligned to Bolls.life reference,"The updated verse was rebuilt from the reference text. Comparison ignores punctuation, capitalization, and italic styling."
Isaiah,36,11,edition difference in wording,"Then Eliakim, Shebna, and Joah said to the Rabshakeh, ""Please speak to your servants in the Aramaic language, for we understand it; and do not speak to us in Hebrew in the hearing of the people who are on the wall.""","Then Eliakim, Shebna, and Joah said to the Rabshakeh, “Please speak to your servants in Aramaic, for we understand it; and do not speak to us in Hebrew in the hearing of the people who are on the wall.”","Then Eliakim, Shebna, and Joah said to the Rabshakeh, “Please speak to your servants in Aramaic, for we understand it; and do not speak to us in Hebrew in the hearing of the people who are on the wall.”","Then Eliakim, Shebna, and Joah said to the Rabshakeh, “Please speak to your servants in Aramaic, for we understand it; and do not speak to us in Hebrew in the hearing of the people who are on the wall.”",Fixed: verse text aligned to Bolls.life reference,"The updated verse was rebuilt from the reference text. Comparison ignores punctuation, capitalization, and italic styling."
Isaiah,37,6,edition difference in wording,"And Isaiah said to them, ""Thus shall you say to your master, ‘Thus says the LORD: ""Do not be afraid of the words which you have heard, with which the servants of the king of Assyria have blasphemed Me.","And Isaiah said to them, “Thus you shall say to your master, ‘Thus says the LORD: “Do not be afraid of the words which you have heard, with which the servants of the king of Assyria have blasphemed Me.","And Isaiah said to them, “Thus you shall say to your master, ‘Thus says the LORD: “Do not be afraid of the words which you have heard, with which the servants of the king of Assyria have blasphemed Me.","And Isaiah said to them, “Thus you shall say to your master, ‘Thus says the LORD: “Do not be afraid of the words which you have heard, with which the servants of the king of Assyria have blasphemed Me.",Fixed: verse text aligned to Bolls.life reference,"The updated verse was rebuilt from the reference text. Comparison ignores punctuation, capitalization, and italic styling."
Isaiah,37,19,edition difference in wording,"""and have cast their gods into the fire; for they were not gods, but the work of men’s hands—wood and stone. Therefore they have destroyed them.","and have cast their gods into the fire; for they were not gods, but the work of men’s hands—wood and stone. Therefore they destroyed them.","and have cast their gods into the fire; for they were not gods, but the work of men’s hands—wood and stone. Therefore they destroyed them.","and have cast their gods into the fire; for they were not gods, but the work of men’s hands—wood and stone. Therefore they destroyed them.",Fixed: verse text aligned to Bolls.life reference,"The updated verse was rebuilt from the reference text. Comparison ignores punctuation, capitalization, and italic styling."
Isaiah,66,24,edition difference in wording,"""And they shall go forth and look Upon the corpses of the men Who have transgressed against Me. For their worm does not die, And their fire is not quenched. They shall be an abhorrence to all flesh."" Jeremiah","“And they shall go forth and look Upon the corpses of the men Who have transgressed against Me. For their worm does not die, And their fire is not quenched. They shall be an abhorrence to all flesh.”","“And they shall go forth and look Upon the corpses of the men Who have transgressed against Me. For their worm does not die, And their fire is not quenched. They shall be an abhorrence to all flesh.”","“And they shall go forth and look Upon the corpses of the men Who have transgressed against Me. For their worm does not die, And their fire is not quenched. They shall be an abhorrence to all flesh.”",Fixed: verse text aligned to Bolls.life reference,"The updated verse was rebuilt from the reference text. Comparison ignores punctuation, capitalization, and italic styling."
James,5,20,edition difference in wording,let him know that he who turns a sinner from the error of his way will save a soul from death and cover a multitude of sins. 1 Peter,let him know that he who turns a sinner from the error of his way will save a soul from death and cover a multitude of sins.,let him know that he who turns a sinner from the error of his way will save a soul from death and cover a multitude of sins.,let him know that he who turns a sinner from the error of his way will save a soul from death and cover a multitude of sins.,Fixed: verse text aligned to Bolls.life reference,"The updated verse was rebuilt from the reference text. Comparison ignores punctuation, capitalization, and italic styling."
Jeremiah,29,27,edition difference in wording,"Now therefore, why have you not reproved Jeremiah of Anathoth who makes himself a prophet to you?","Now therefore, why have you not rebuked Jeremiah of Anathoth who makes himself a prophet to you?","Now therefore, why have you not rebuked Jeremiah of Anathoth who makes himself a prophet to you?","Now therefore, why have you not rebuked Jeremiah of Anathoth who makes himself a prophet to you?",Fixed: verse text aligned to Bolls.life reference,"The updated verse was rebuilt from the reference text. Comparison ignores punctuation, capitalization, and italic styling."
Jeremiah,52,34,edition difference in wording,"And as for his provisions, there was a regular ration given him by the king of Babylon, a portion for each day until the day of his death, all the days of his life. Lamentations","And as for his provisions, there was a regular ration given him by the king of Babylon, a portion for each day until the day of his death, all the days of his life.","And as for his provisions, there was a regular ration given him by the king of Babylon, a portion for each day until the day of his death, all the days of his life.","And as for his provisions, there was a regular ration given him by the king of Babylon, a portion for each day until the day of his death, all the days of his life.",Fixed: verse text aligned to Bolls.life reference,"The updated verse was rebuilt from the reference text. Comparison ignores punctuation, capitalization, and italic styling."
Job,2,2,edition difference in wording,"And the LORD said to Satan, ""From where do you come?"" So Satan answered the LORD and said, ""From going to and fro on the earth, and from walking back and forth on it.""","And the LORD said to Satan, “From where do you come?” Satan answered the LORD and said, “From going to and fro on the earth, and from walking back and forth on it.”","And the LORD said to Satan, “From where do you come?” Satan answered the LORD and said, “From going to and fro on the earth, and from walking back and forth on it.”","And the LORD said to Satan, “From where do you come?” Satan answered the LORD and said, “From going to and fro on the earth, and from walking back and forth on it.”",Fixed: verse text aligned to Bolls.life reference,"The updated verse was rebuilt from the reference text. Comparison ignores punctuation, capitalization, and italic styling."
Job,39,28,edition difference in wording,"On the rocks it dwells and resides, On the crag of the rock and the stronghold.","On the rock it dwells and resides, On the crag of the rock and the stronghold.","On the rock it dwells and resides, On the crag of the rock and the stronghold.","On the rock it dwells and resides, On the crag of the rock and the stronghold.",Fixed: verse text aligned to Bolls.life reference,"The updated verse was rebuilt from the reference text. Comparison ignores punctuation, capitalization, and italic styling."
Job,42,17,edition difference in wording,"So Job died, old and full of days. Psalms","So Job died, old and full of days.","So Job died, old and full of days.","So Job died, old and full of days.",Fixed: verse text aligned to Bolls.life reference,"The updated verse was rebuilt from the reference text. Comparison ignores punctuation, capitalization, and italic styling."
Joel,3,21,edition difference in wording,"""For I will acquit them of the guilt of bloodshed, whom I had not acquitted; For the LORD dwells in Zion."" Amos","For I will acquit them of the guilt of bloodshed, whom I had not acquitted; For the LORD dwells in Zion.”","For I will acquit them of the guilt of bloodshed, whom I had not acquitted; For the LORD dwells in Zion.”","For I will acquit them of the guilt of bloodshed, whom I had not acquitted; For the LORD dwells in Zion.”",Fixed: verse text aligned to Bolls.life reference,"The updated verse was rebuilt from the reference text. Comparison ignores punctuation, capitalization, and italic styling."
John,11,20,edition difference in wording,"Then Martha, as soon as she heard that Jesus was coming, went and met Him, but Mary was sitting in the house.","Now Martha, as soon as she heard that Jesus was coming, went and met Him, but Mary was sitting in the house.","Now Martha, as soon as she heard that Jesus was coming, went and met Him, but Mary was sitting in the house.","Now Martha, as soon as she heard that Jesus was coming, went and met Him, but Mary was sitting in the house.",Fixed: verse text aligned to Bolls.life reference,"The updated verse was rebuilt from the reference text. Comparison ignores punctuation, capitalization, and italic styling."
John,11,21,edition difference in wording,"Then Martha said to Jesus, ""Lord, if You had been here, my brother would not have died.","Now Martha said to Jesus, “Lord, if You had been here, my brother would not have died.","Now Martha said to Jesus, “Lord, if You had been here, my brother would not have died.","Now Martha said to Jesus, “Lord, if You had been here, my brother would not have died.",Fixed: verse text aligned to Bolls.life reference,"The updated verse was rebuilt from the reference text. Comparison ignores punctuation, capitalization, and italic styling."
John,12,4,edition difference in wording,"Then one of His disciples, Judas Iscariot, Simon’s son, who would betray Him, said,","But one of His disciples, Judas Iscariot, Simon’s son, who would betray Him, said,","But one of His disciples, Judas Iscariot, Simon’s son, who would betray Him, said,","But one of His disciples, Judas Iscariot, Simon’s son, who would betray Him, said,",Fixed: verse text aligned to Bolls.life reference,"The updated verse was rebuilt from the reference text. Comparison ignores punctuation, capitalization, and italic styling."
John,2,14,edition difference in wording,"And He found in the temple those who sold oxen and sheep and doves, and the moneychangers doing business.","And He found in the temple those who sold oxen and sheep and doves, and the money changers doing business.","And He found in the temple those who sold oxen and sheep and doves, and the money changers doing business.","And He found in the temple those who sold oxen and sheep and doves, and the money changers doing business.",Fixed: verse text aligned to Bolls.life reference,"The updated verse was rebuilt from the reference text. Comparison ignores punctuation, capitalization, and italic styling."
John,21,25,edition difference in wording,"And there are also many other things that Jesus did, which if they were written one by one, I suppose that even the world itself could not contain the books that would be written. Amen. Acts of the Apostles","And there are also many other things that Jesus did, which if they were written one by one, I suppose that even the world itself could not contain the books that would be written. Amen.","And there are also many other things that Jesus did, which if they were written one by one, I suppose that even the world itself could not contain the books that would be written. Amen.","And there are also many other things that Jesus did, which if they were written one by one, I suppose that even the world itself could not contain the books that would be written. Amen.",Fixed: verse text aligned to Bolls.life reference,"The updated verse was rebuilt from the reference text. Comparison ignores punctuation, capitalization, and italic styling."
John,7,17,edition difference in wording,"""If anyone wants to do His will, he shall know concerning the doctrine, whether it is from God or whether I speak on My own authority.","If anyone wills to do His will, he shall know concerning the doctrine, whether it is from God or whether I speak on My own authority.","If anyone wills to do His will, he shall know concerning the doctrine, whether it is from God or whether I speak on My own authority.","If anyone wills to do His will, he shall know concerning the doctrine, whether it is from God or whether I speak on My own authority.",Fixed: verse text aligned to Bolls.life reference,"The updated verse was rebuilt from the reference text. Comparison ignores punctuation, capitalization, and italic styling."
John,8,53,edition difference in wording,"""Are You greater than our father Abraham, who is dead? And the prophets are dead. Whom do You make Yourself out to be?""","Are You greater than our father Abraham, who is dead? And the prophets are dead. Who do You make Yourself out to be?”","Are You greater than our father Abraham, who is dead? And the prophets are dead. Who do You make Yourself out to be?”","Are You greater than our father Abraham, who is dead? And the prophets are dead. Who do You make Yourself out to be?”",Fixed: verse text aligned to Bolls.life reference,"The updated verse was rebuilt from the reference text. Comparison ignores punctuation, capitalization, and italic styling."
Jonah,4,11,edition difference in wording,"""And should I not pity Nineveh, that great city, in which are more than one hundred and twenty thousand persons who cannot discern between their right hand and their left—and much livestock?"" Micah","And should I not pity Nineveh, that great city, in which are more than one hundred and twenty thousand persons who cannot discern between their right hand and their left—and much livestock?”","And should I not pity Nineveh, that great city, in which are more than one hundred and twenty thousand persons who cannot discern between their right hand and their left—and much livestock?”","And should I not pity Nineveh, that great city, in which are more than one hundred and twenty thousand persons who cannot discern between their right hand and their left—and much livestock?”",Fixed: verse text aligned to Bolls.life reference,"The updated verse was rebuilt from the reference text. Comparison ignores punctuation, capitalization, and italic styling."
Joshua,22,17,edition difference in wording,"‘Is the iniquity of Peor not enough for us, from which we are not cleansed until this day, although there was a plague in the congregation of the LORD,","Is the iniquity of Peor not enough for us, from which we are not cleansed till this day, although there was a plague in the congregation of the LORD,","Is the iniquity of Peor not enough for us, from which we are not cleansed till this day, although there was a plague in the congregation of the LORD,","Is the iniquity of Peor not enough for us, from which we are not cleansed till this day, although there was a plague in the congregation of the LORD,",Fixed: verse text aligned to Bolls.life reference,"The updated verse was rebuilt from the reference text. Comparison ignores punctuation, capitalization, and italic styling."
Joshua,24,33,edition difference in wording,"And Eleazar the son of Aaron died. They buried him in a hill belonging to Phinehas his son, which was given to him in the mountains of Ephraim. Judges","And Eleazar the son of Aaron died. They buried him in a hill belonging to Phinehas his son, which was given to him in the mountains of Ephraim.","And Eleazar the son of Aaron died. They buried him in a hill belonging to Phinehas his son, which was given to him in the mountains of Ephraim.","And Eleazar the son of Aaron died. They buried him in a hill belonging to Phinehas his son, which was given to him in the mountains of Ephraim.",Fixed: verse text aligned to Bolls.life reference,"The updated verse was rebuilt from the reference text. Comparison ignores punctuation, capitalization, and italic styling."
Jude,1,25,edition difference in wording,"To God our Savior, Who alone is wise, Be glory and majesty, Dominion and power, Both now and forever. Amen. Revelation","To God our Savior, Who alone is wise, Be glory and majesty, Dominion and power, Both now and forever. Amen.","To God our Savior, Who alone is wise, Be glory and majesty, Dominion and power, Both now and forever. Amen.","To God our Savior, Who alone is wise, Be glory and majesty, Dominion and power, Both now and forever. Amen.",Fixed: verse text aligned to Bolls.life reference,"The updated verse was rebuilt from the reference text. Comparison ignores punctuation, capitalization, and italic styling."
Judges,19,10,edition difference in wording,"However, the man was not willing to spend that night; so he rose and departed, and came to opposite Jebus (that is, Jerusalem). With him were the two saddled donkeys; his concubine was also with him.","However, the man was not willing to spend that night; so he rose and departed, and came opposite Jebus (that is, Jerusalem). With him were the two saddled donkeys; his concubine was also with him.","However, the man was not willing to spend that night; so he rose and departed, and came opposite Jebus (that is, Jerusalem). With him were the two saddled donkeys; his concubine was also with him.","However, the man was not willing to spend that night; so he rose and departed, and came opposite Jebus (that is, Jerusalem). With him were the two saddled donkeys; his concubine was also with him.",Fixed: verse text aligned to Bolls.life reference,"The updated verse was rebuilt from the reference text. Comparison ignores punctuation, capitalization, and italic styling."
Judges,21,25,edition difference in wording,In those days there was no king in Israel; everyone did what was right in his own eyes. Ruth,In those days there was no king in Israel; everyone did what was right in his own eyes.,In those days there was no king in Israel; everyone did what was right in his own eyes.,In those days there was no king in Israel; everyone did what was right in his own eyes.,Fixed: verse text aligned to Bolls.life reference,"The updated verse was rebuilt from the reference text. Comparison ignores punctuation, capitalization, and italic styling."
Judges,3,20,edition difference in wording,"And Ehud came to him (now he was sitting upstairs in his cool private chamber). Then Ehud said, ""I have a message from God for you."" So he arose from his seat.","So Ehud came to him (now he was sitting upstairs in his cool private chamber). Then Ehud said, “I have a message from God for you.” So he arose from his seat.","So Ehud came to him (now he was sitting upstairs in his cool private chamber). Then Ehud said, “I have a message from God for you.” So he arose from his seat.","So Ehud came to him (now he was sitting upstairs in his cool private chamber). Then Ehud said, “I have a message from God for you.” So he arose from his seat.",Fixed: verse text aligned to Bolls.life reference,"The updated verse was rebuilt from the reference text. Comparison ignores punctuation, capitalization, and italic styling."
Judges,4,3,edition difference in wording,"And the children of Israel cried out to the LORD; for Jabin had nine hundred chariots of iron, and for twenty years he harshly oppressed the children of Israel.","And the children of Israel cried out to the LORD; for Jabin had nine hundred chariots of iron, and for twenty years he had harshly oppressed the children of Israel.","And the children of Israel cried out to the LORD; for Jabin had nine hundred chariots of iron, and for twenty years he had harshly oppressed the children of Israel.","And the children of Israel cried out to the LORD; for Jabin had nine hundred chariots of iron, and for twenty years he had harshly oppressed the children of Israel.",Fixed: verse text aligned to Bolls.life reference,"The updated verse was rebuilt from the reference text. Comparison ignores punctuation, capitalization, and italic styling."
Judges,8,24,edition difference in wording,"Then Gideon said to them, ""I would like to make a request of you, that each of you would give me the earrings from his plunder."" For they had gold earrings, because they were Ishmaelites.","Then Gideon said to them, “I would like to make a request of you, that each of you would give me the earrings from his plunder.” For they had golden earrings, because they were Ishmaelites.","Then Gideon said to them, “I would like to make a request of you, that each of you would give me the earrings from his plunder.” For they had golden earrings, because they were Ishmaelites.","Then Gideon said to them, “I would like to make a request of you, that each of you would give me the earrings from his plunder.” For they had golden earrings, because they were Ishmaelites.",Fixed: verse text aligned to Bolls.life reference,"The updated verse was rebuilt from the reference text. Comparison ignores punctuation, capitalization, and italic styling."
Lamentations,5,22,edition difference in wording,"Unless You have utterly rejected us, And are very angry with us! Ezekiel","Unless You have utterly rejected us, And are very angry with us!","Unless You have utterly rejected us, And are very angry with us!","Unless You have utterly rejected us, And are very angry with us!",Fixed: verse text aligned to Bolls.life reference,"The updated verse was rebuilt from the reference text. Comparison ignores punctuation, capitalization, and italic styling."
Leviticus,10,4,edition difference in wording,"And Moses called Mishael and Elzaphan, the sons of Uzziel the uncle of Aaron, and said to them, ""Come near, carry your brethren from before the sanctuary out of the camp.""","Then Moses called Mishael and Elzaphan, the sons of Uzziel the uncle of Aaron, and said to them, “Come near, carry your brethren from before the sanctuary out of the camp.”","Then Moses called Mishael and Elzaphan, the sons of Uzziel the uncle of Aaron, and said to them, “Come near, carry your brethren from before the sanctuary out of the camp.”","Then Moses called Mishael and Elzaphan, the sons of Uzziel the uncle of Aaron, and said to them, “Come near, carry your brethren from before the sanctuary out of the camp.”",Fixed: verse text aligned to Bolls.life reference,"The updated verse was rebuilt from the reference text. Comparison ignores punctuation, capitalization, and italic styling."
Leviticus,27,34,edition difference in wording,These are the commandments which the LORD commanded Moses for the children of Israel on Mount Sinai. Numbers,These are the commandments which the LORD commanded Moses for the children of Israel on Mount Sinai.,These are the commandments which the LORD commanded Moses for the children of Israel on Mount Sinai.,These are the commandments which the LORD commanded Moses for the children of Israel on Mount Sinai.,Fixed: verse text aligned to Bolls.life reference,"The updated verse was rebuilt from the reference text. Comparison ignores punctuation, capitalization, and italic styling."
Leviticus,6,24,edition difference in wording,"And the LORD spoke to Moses, saying,","Also the LORD spoke to Moses, saying,","Also the LORD spoke to Moses, saying,","Also the LORD spoke to Moses, saying,",Fixed: verse text aligned to Bolls.life reference,"The updated verse was rebuilt from the reference text. Comparison ignores punctuation, capitalization, and italic styling."
Luke,1,23,edition difference in wording,"And so it was, as soon as the days of his service were completed, that he departed to his own house.","So it was, as soon as the days of his service were completed, that he departed to his own house.","So it was, as soon as the days of his service were completed, that he departed to his own house.","So it was, as soon as the days of his service were completed, that he departed to his own house.",Fixed: verse text aligned to Bolls.life reference,"The updated verse was rebuilt from the reference text. Comparison ignores punctuation, capitalization, and italic styling."
Luke,19,29,edition difference in wording,"And it came to pass, when He came near to Bethphage and Bethany, at the mountain called Olivet, that He sent two of His disciples,","And it came to pass, when He drew near to Bethphage and Bethany, at the mountain called Olivet, that He sent two of His disciples,","And it came to pass, when He drew near to Bethphage and Bethany, at the mountain called Olivet, that He sent two of His disciples,","And it came to pass, when He drew near to Bethphage and Bethany, at the mountain called Olivet, that He sent two of His disciples,",Fixed: verse text aligned to Bolls.life reference,"The updated verse was rebuilt from the reference text. Comparison ignores punctuation, capitalization, and italic styling."
Luke,20,34,edition difference in wording,"And Jesus answered and said to them, ""The sons of this age marry and are given in marriage.","Jesus answered and said to them, “The sons of this age marry and are given in marriage.","Jesus answered and said to them, “The sons of this age marry and are given in marriage.","Jesus answered and said to them, “The sons of this age marry and are given in marriage.",Fixed: verse text aligned to Bolls.life reference,"The updated verse was rebuilt from the reference text. Comparison ignores punctuation, capitalization, and italic styling."
Luke,21,26,edition difference in wording,"""men’s hearts failing them from fear and the expectation of those things which are coming on the earth, for the powers of heaven will be shaken.","men’s hearts failing them from fear and the expectation of those things which are coming on the earth, for the powers of the heavens will be shaken.","men’s hearts failing them from fear and the expectation of those things which are coming on the earth, for the powers of the heavens will be shaken.","men’s hearts failing them from fear and the expectation of those things which are coming on the earth, for the powers of the heavens will be shaken.",Fixed: verse text aligned to Bolls.life reference,"The updated verse was rebuilt from the reference text. Comparison ignores punctuation, capitalization, and italic styling."
Luke,22,61,edition difference in wording,"And the Lord turned and looked at Peter. And Peter remembered the word of the Lord, how He had said to him, ""Before the rooster crows, you will deny Me three times.""","And the Lord turned and looked at Peter. Then Peter remembered the word of the Lord, how He had said to him, “Before the rooster crows, you will deny Me three times.”","And the Lord turned and looked at Peter. Then Peter remembered the word of the Lord, how He had said to him, “Before the rooster crows, you will deny Me three times.”","And the Lord turned and looked at Peter. Then Peter remembered the word of the Lord, how He had said to him, “Before the rooster crows, you will deny Me three times.”",Fixed: verse text aligned to Bolls.life reference,"The updated verse was rebuilt from the reference text. Comparison ignores punctuation, capitalization, and italic styling."
Luke,24,53,edition difference in wording,and were continually in the temple praising and blessing God. Amen. John,and were continually in the temple praising and blessing God. Amen.,and were continually in the temple praising and blessing God. Amen.,and were continually in the temple praising and blessing God. Amen.,Fixed: verse text aligned to Bolls.life reference,"The updated verse was rebuilt from the reference text. Comparison ignores punctuation, capitalization, and italic styling."
Luke,3,38,edition difference in wording,"the son of Enos, the son of Seth, the son of Adam, the son of God.","the son of Enosh, the son of Seth, the son of Adam, the son of God.","the son of Enosh, the son of Seth, the son of Adam, the son of God.","the son of Enosh, the son of Seth, the son of Adam, the son of God.",Fixed: verse text aligned to Bolls.life reference,"The updated verse was rebuilt from the reference text. Comparison ignores punctuation, capitalization, and italic styling."
Luke,6,46,edition difference in wording,"""But why do you call Me ‘Lord, Lord,’ and do not do the things which I say?","“But why do you call Me ‘Lord, Lord,’ and not do the things which I say?","“But why do you call Me ‘Lord, Lord,’ and not do the things which I say?","“But why do you call Me ‘Lord, Lord,’ and not do the things which I say?",Fixed: verse text aligned to Bolls.life reference,"The updated verse was rebuilt from the reference text. Comparison ignores punctuation, capitalization, and italic styling."
Malachi,3,2,edition difference in wording,"""But who can endure the day of His coming? And who can stand when He appears? For He is like a refiner’s fire And like launderer’s soap.",“But who can endure the day of His coming? And who can stand when He appears? For He is like a refiner’s fire And like launderers’ soap.,“But who can endure the day of His coming? And who can stand when He appears? For He is like a refiner’s fire And like launderers’ soap.,“But who can endure the day of His coming? And who can stand when He appears? For He is like a refiner’s fire And like launderers’ soap.,Fixed: verse text aligned to Bolls.life reference,"The updated verse was rebuilt from the reference text. Comparison ignores punctuation, capitalization, and italic styling."
Malachi,4,6,edition difference in wording,"And he will turn The hearts of the fathers to the children, And the hearts of the children to their fathers, Lest I come and strike the earth with a curse."" Matthew","And he will turn The hearts of the fathers to the children, And the hearts of the children to their fathers, Lest I come and strike the earth with a curse.”","And he will turn The hearts of the fathers to the children, And the hearts of the children to their fathers, Lest I come and strike the earth with a curse.”","And he will turn The hearts of the fathers to the children, And the hearts of the children to their fathers, Lest I come and strike the earth with a curse.”",Fixed: verse text aligned to Bolls.life reference,"The updated verse was rebuilt from the reference text. Comparison ignores punctuation, capitalization, and italic styling."
Mark,10,16,edition difference in wording,"And He took them up in His arms, put His hands on them, and blessed them.","And He took them up in His arms, laid His hands on them, and blessed them.","And He took them up in His arms, laid His hands on them, and blessed them.","And He took them up in His arms, laid His hands on them, and blessed them.",Fixed: verse text aligned to Bolls.life reference,"The updated verse was rebuilt from the reference text. Comparison ignores punctuation, capitalization, and italic styling."
Mark,16,20,edition difference in wording,"And they went out and preached everywhere, the Lord working with them and confirming the word through the accompanying signs. Amen. Luke","And they went out and preached everywhere, the Lord working with them and confirming the word through the accompanying signs. Amen.","And they went out and preached everywhere, the Lord working with them and confirming the word through the accompanying signs. Amen.","And they went out and preached everywhere, the Lord working with them and confirming the word through the accompanying signs. Amen.",Fixed: verse text aligned to Bolls.life reference,"The updated verse was rebuilt from the reference text. Comparison ignores punctuation, capitalization, and italic styling."
Mark,6,3,edition difference in wording,"""Is this not the carpenter, the Son of Mary, and brother of James, Joses, Judas, and Simon? And are not His sisters here with us?"" And they were offended at Him.","Is this not the carpenter, the Son of Mary, and brother of James, Joses, Judas, and Simon? And are not His sisters here with us?” So they were offended at Him.","Is this not the carpenter, the Son of Mary, and brother of James, Joses, Judas, and Simon? And are not His sisters here with us?” So they were offended at Him.","Is this not the carpenter, the Son of Mary, and brother of James, Joses, Judas, and Simon? And are not His sisters here with us?” So they were offended at Him.",Fixed: verse text aligned to Bolls.life reference,"The updated verse was rebuilt from the reference text. Comparison ignores punctuation, capitalization, and italic styling."
Mark,6,18,edition difference in wording,"For John had said to Herod, ""It is not lawful for you to have your brother’s wife.""","Because John had said to Herod, “It is not lawful for you to have your brother’s wife.”","Because John had said to Herod, “It is not lawful for you to have your brother’s wife.”","Because John had said to Herod, “It is not lawful for you to have your brother’s wife.”",Fixed: verse text aligned to Bolls.life reference,"The updated verse was rebuilt from the reference text. Comparison ignores punctuation, capitalization, and italic styling."
Mark,6,23,edition difference in wording,"He also swore to her, ""Whatever you ask me, I will give you, up to half of my kingdom.""","He also swore to her, “Whatever you ask me, I will give you, up to half my kingdom.”","He also swore to her, “Whatever you ask me, I will give you, up to half my kingdom.”","He also swore to her, “Whatever you ask me, I will give you, up to half my kingdom.”",Fixed: verse text aligned to Bolls.life reference,"The updated verse was rebuilt from the reference text. Comparison ignores punctuation, capitalization, and italic styling."
Mark,6,56,edition difference in wording,"Wherever He entered into villages, cities, or in the country, they laid the sick in the marketplaces, and begged Him that they might just touch the hem of His garment. And as many as touched Him were made well.","Wherever He entered, into villages, cities, or the country, they laid the sick in the marketplaces, and begged Him that they might just touch the hem of His garment. And as many as touched Him were made well.","Wherever He entered, into villages, cities, or the country, they laid the sick in the marketplaces, and begged Him that they might just touch the hem of His garment. And as many as touched Him were made well.","Wherever He entered, into villages, cities, or the country, they laid the sick in the marketplaces, and begged Him that they might just touch the hem of His garment. And as many as touched Him were made well.",Fixed: verse text aligned to Bolls.life reference,"The updated verse was rebuilt from the reference text. Comparison ignores punctuation, capitalization, and italic styling."
Mark,8,32,edition difference in wording,He spoke this word openly. And Peter took Him aside and began to rebuke Him.,He spoke this word openly. Then Peter took Him aside and began to rebuke Him.,He spoke this word openly. Then Peter took Him aside and began to rebuke Him.,He spoke this word openly. Then Peter took Him aside and began to rebuke Him.,Fixed: verse text aligned to Bolls.life reference,"The updated verse was rebuilt from the reference text. Comparison ignores punctuation, capitalization, and italic styling."
Matthew,10,4,edition difference in wording,"Simon the Canaanite, and Judas Iscariot, who also betrayed Him.","Simon the Cananite, and Judas Iscariot, who also betrayed Him.","Simon the Cananite, and Judas Iscariot, who also betrayed Him.","Simon the Cananite, and Judas Iscariot, who also betrayed Him.",Fixed: verse text aligned to Bolls.life reference,"The updated verse was rebuilt from the reference text. Comparison ignores punctuation, capitalization, and italic styling."
Matthew,13,54,edition difference in wording,"And when He had come to His own country, He taught them in their synagogue, so that they were astonished and said, ""Where did this Man get this wisdom and these mighty works?","When He had come to His own country, He taught them in their synagogue, so that they were astonished and said, “Where did this Man get this wisdom and these mighty works?","When He had come to His own country, He taught them in their synagogue, so that they were astonished and said, “Where did this Man get this wisdom and these mighty works?","When He had come to His own country, He taught them in their synagogue, so that they were astonished and said, “Where did this Man get this wisdom and these mighty works?",Fixed: verse text aligned to Bolls.life reference,"The updated verse was rebuilt from the reference text. Comparison ignores punctuation, capitalization, and italic styling."
Matthew,18,6,edition difference in wording,"""But whoever causes one of these little ones who believe in Me to sin, it would be better for him if a millstone were hung around his neck, and he were drowned in the depth of the sea.","“Whoever causes one of these little ones who believe in Me to sin, it would be better for him if a millstone were hung around his neck, and he were drowned in the depth of the sea.","“Whoever causes one of these little ones who believe in Me to sin, it would be better for him if a millstone were hung around his neck, and he were drowned in the depth of the sea.","“Whoever causes one of these little ones who believe in Me to sin, it would be better for him if a millstone were hung around his neck, and he were drowned in the depth of the sea.",Fixed: verse text aligned to Bolls.life reference,"The updated verse was rebuilt from the reference text. Comparison ignores punctuation, capitalization, and italic styling."
Matthew,2,19,edition difference in wording,"But when Herod was dead, behold, an angel of the Lord appeared in a dream to Joseph in Egypt,","Now when Herod was dead, behold, an angel of the Lord appeared in a dream to Joseph in Egypt,","Now when Herod was dead, behold, an angel of the Lord appeared in a dream to Joseph in Egypt,","Now when Herod was dead, behold, an angel of the Lord appeared in a dream to Joseph in Egypt,",Fixed: verse text aligned to Bolls.life reference,"The updated verse was rebuilt from the reference text. Comparison ignores punctuation, capitalization, and italic styling."
Matthew,26,17,edition difference in wording,"Now on the first day of the Feast of the Unleavened Bread the disciples came to Jesus, saying to Him, ""Where do You want us to prepare for You to eat the Passover?""","Now on the first day of the Feast of Unleavened Bread the disciples came to Jesus, saying to Him, “Where do You want us to prepare for You to eat the Passover?”","Now on the first day of the Feast of Unleavened Bread the disciples came to Jesus, saying to Him, “Where do You want us to prepare for You to eat the Passover?”","Now on the first day of the Feast of Unleavened Bread the disciples came to Jesus, saying to Him, “Where do You want us to prepare for You to eat the Passover?”",Fixed: verse text aligned to Bolls.life reference,"The updated verse was rebuilt from the reference text. Comparison ignores punctuation, capitalization, and italic styling."
Matthew,26,40,edition difference in wording,"Then He came to the disciples and found them asleep, and said to Peter, ""What? Could you not watch with Me one hour?","Then He came to the disciples and found them sleeping, and said to Peter, “What! Could you not watch with Me one hour?","Then He came to the disciples and found them sleeping, and said to Peter, “What! Could you not watch with Me one hour?","Then He came to the disciples and found them sleeping, and said to Peter, “What! Could you not watch with Me one hour?",Fixed: verse text aligned to Bolls.life reference,"The updated verse was rebuilt from the reference text. Comparison ignores punctuation, capitalization, and italic styling."
Matthew,27,11,edition difference in wording,"Now Jesus stood before the governor. And the governor asked Him, saying, ""Are You the King of the Jews?"" So Jesus said to him, ""It is as you say.""","Now Jesus stood before the governor. And the governor asked Him, saying, “Are You the King of the Jews?” Jesus said to him, “It is as you say.”","Now Jesus stood before the governor. And the governor asked Him, saying, “Are You the King of the Jews?” Jesus said to him, “It is as you say.”","Now Jesus stood before the governor. And the governor asked Him, saying, “Are You the King of the Jews?” Jesus said to him, “ It is as you say.”",Fixed: verse text aligned to Bolls.life reference,"The updated verse was rebuilt from the reference text. Comparison ignores punctuation, capitalization, and italic styling."
Matthew,28,20,edition difference in wording,"""teaching them to observe all things that I have commanded you; and lo, I am with you always, even to the end of the age."" Amen. Mark","teaching them to observe all things that I have commanded you; and lo, I am with you always, even to the end of the age.” Amen.","teaching them to observe all things that I have commanded you; and lo, I am with you always, even to the end of the age.” Amen.","teaching them to observe all things that I have commanded you; and lo, I am with you always, even to the end of the age.” Amen.",Fixed: verse text aligned to Bolls.life reference,"The updated verse was rebuilt from the reference text. Comparison ignores punctuation, capitalization, and italic styling."
Matthew,3,4,edition difference in wording,"And John himself was clothed in camel’s hair, with a leather belt around his waist; and his food was locusts and wild honey.","Now John himself was clothed in camel’s hair, with a leather belt around his waist; and his food was locusts and wild honey.","Now John himself was clothed in camel’s hair, with a leather belt around his waist; and his food was locusts and wild honey.","Now John himself was clothed in camel’s hair, with a leather belt around his waist; and his food was locusts and wild honey.",Fixed: verse text aligned to Bolls.life reference,"The updated verse was rebuilt from the reference text. Comparison ignores punctuation, capitalization, and italic styling."
Micah,4,3,edition difference in wording,"He shall judge between many peoples, And rebuke strong nations afar off; They shall beat their swords into plowshares, And their spears into pruning hooks; Nation shall not lift up sword against nation, Neither shall they learn war any more.","He shall judge between many peoples, And rebuke strong nations afar off; They shall beat their swords into plowshares, And their spears into pruning hooks; Nation shall not lift up sword against nation, Neither shall they learn war anymore.","He shall judge between many peoples, And rebuke strong nations afar off; They shall beat their swords into plowshares, And their spears into pruning hooks; Nation shall not lift up sword against nation, Neither shall they learn war anymore.","He shall judge between many peoples, And rebuke strong nations afar off; They shall beat their swords into plowshares, And their spears into pruning hooks; Nation shall not lift up sword against nation, Neither shall they learn war anymore.",Fixed: verse text aligned to Bolls.life reference,"The updated verse was rebuilt from the reference text. Comparison ignores punctuation, capitalization, and italic styling."
Micah,7,20,edition difference in wording,"You will give truth to Jacob And mercy to Abraham, Which You have sworn to our fathers From days of old. Nahum","You will give truth to Jacob And mercy to Abraham, Which You have sworn to our fathers From days of old.","You will give truth to Jacob And mercy to Abraham, Which You have sworn to our fathers From days of old.","You will give truth to Jacob And mercy to Abraham, Which You have sworn to our fathers From days of old.",Fixed: verse text aligned to Bolls.life reference,"The updated verse was rebuilt from the reference text. Comparison ignores punctuation, capitalization, and italic styling."
Nahum,3,19,edition difference in wording,"Your injury has no healing, Your wound is severe. All who hear news of you Will clap their hands over you, For upon whom has not your wickedness passed continually? Habakkuk","Your injury has no healing, Your wound is severe. All who hear news of you Will clap their hands over you, For upon whom has not your wickedness passed continually?","Your injury has no healing, Your wound is severe. All who hear news of you Will clap their hands over you, For upon whom has not your wickedness passed continually?","Your injury has no healing, Your wound is severe. All who hear news of you Will clap their hands over you, For upon whom has not your wickedness passed continually?",Fixed: verse text aligned to Bolls.life reference,"The updated verse was rebuilt from the reference text. Comparison ignores punctuation, capitalization, and italic styling."
Nehemiah,13,31,edition difference in wording,"and to bringing the wood offering and the firstfruits at appointed times. Remember me, O my God, for good! Esther","and to bringing the wood offering and the firstfruits at appointed times. Remember me, O my God, for good!","and to bringing the wood offering and the firstfruits at appointed times. Remember me, O my God, for good!","and to bringing the wood offering and the firstfruits at appointed times. Remember me, O my God, for good!",Fixed: verse text aligned to Bolls.life reference,"The updated verse was rebuilt from the reference text. Comparison ignores punctuation, capitalization, and italic styling."
Numbers,11,30,edition difference in wording,"And Moses returned to the camp, both he and the elders of Israel.","And Moses returned to the camp, he and the elders of Israel.","And Moses returned to the camp, he and the elders of Israel.","And Moses returned to the camp, he and the elders of Israel.",Fixed: verse text aligned to Bolls.life reference,"The updated verse was rebuilt from the reference text. Comparison ignores punctuation, capitalization, and italic styling."
Numbers,16,41,edition difference in wording,"On the next day all the congregation of the children of Israel murmured against Moses and Aaron, saying, ""You have killed the people of the LORD.""","On the next day all the congregation of the children of Israel complained against Moses and Aaron, saying, “You have killed the people of the LORD.”","On the next day all the congregation of the children of Israel complained against Moses and Aaron, saying, “You have killed the people of the LORD.”","On the next day all the congregation of the children of Israel complained against Moses and Aaron, saying, “You have killed the people of the LORD.”",Fixed: verse text aligned to Bolls.life reference,"The updated verse was rebuilt from the reference text. Comparison ignores punctuation, capitalization, and italic styling."
Numbers,20,22,edition difference in wording,"Then the children of Israel, the whole congregation, journeyed from Kadesh and came to Mount Hor.","Now the children of Israel, the whole congregation, journeyed from Kadesh and came to Mount Hor.","Now the children of Israel, the whole congregation, journeyed from Kadesh and came to Mount Hor.","Now the children of Israel, the whole congregation, journeyed from Kadesh and came to Mount Hor.",Fixed: verse text aligned to Bolls.life reference,"The updated verse was rebuilt from the reference text. Comparison ignores punctuation, capitalization, and italic styling."
Numbers,27,11,edition difference in wording,"‘And if his father has no brothers, then you shall give his inheritance to the relative closest him in his family, and he shall possess it.’"" And it shall be to the children of Israel a statute of judgment, just as the LORD commanded Moses.","And if his father has no brothers, then you shall give his inheritance to the relative closest to him in his family, and he shall possess it.’ ” And it shall be to the children of Israel a statute of judgment, just as the LORD commanded Moses.","And if his father has no brothers, then you shall give his inheritance to the relative closest to him in his family, and he shall possess it.’ ” And it shall be to the children of Israel a statute of judgment, just as the LORD commanded Moses.","And if his father has no brothers, then you shall give his inheritance to the relative closest to him in his family, and he shall possess it.’” And it shall be to the children of Israel a statute of judgment, just as the LORD commanded Moses.",Fixed: verse text aligned to Bolls.life reference,"The updated verse was rebuilt from the reference text. Comparison ignores punctuation, capitalization, and italic styling."
Numbers,3,24,pronunciation mark (print has it),And the leader of the fathers’ house of the Gershonites was Eliasaph the son of Lael.,And the leader of the father’s house of the Gershonites was Eliasaph the son of Lael.,And the leader of the father’s house of the Gershonites was Eliasaph the son of Lael.,And the leader of the father’s house of the Gershonites was Eliasaph the son of Lael.,Fixed: verse text aligned to Bolls.life reference,"The updated verse was rebuilt from the reference text. Comparison ignores punctuation, capitalization, and italic styling."
Numbers,32,14,edition difference in wording,"""And look! You have risen in your father’s place, a brood of sinful men, to increase still more the fierce anger of the LORD against Israel.","And look! You have risen in your fathers’ place, a brood of sinful men, to increase still more the fierce anger of the LORD against Israel.","And look! You have risen in your fathers’ place, a brood of sinful men, to increase still more the fierce anger of the LORD against Israel.","And look! You have risen in your fathers’ place, a brood of sinful men, to increase still more the fierce anger of the LORD against Israel.",Fixed: verse text aligned to Bolls.life reference,"The updated verse was rebuilt from the reference text. Comparison ignores punctuation, capitalization, and italic styling."
Numbers,35,4,edition difference in wording,"""The common-land of the cities which you shall give the Levites shall extend from the wall of the city outward a thousand cubits all around.",The common-land of the cities which you will give the Levites shall extend from the wall of the city outward a thousand cubits all around.,The common-land of the cities which you will give the Levites shall extend from the wall of the city outward a thousand cubits all around.,The common-land of the cities which you will give the Levites shall extend from the wall of the city outward a thousand cubits all around.,Fixed: verse text aligned to Bolls.life reference,"The updated verse was rebuilt from the reference text. Comparison ignores punctuation, capitalization, and italic styling."
Numbers,36,13,edition difference in wording,"These are the commandments and the judgments which the LORD commanded the children of Israel by the hand of Moses in the plains of Moab by the Jordan, across from Jericho. Deuteronomy","These are the commandments and the judgments which the LORD commanded the children of Israel by the hand of Moses in the plains of Moab by the Jordan, across from Jericho.","These are the commandments and the judgments which the LORD commanded the children of Israel by the hand of Moses in the plains of Moab by the Jordan, across from Jericho.","These are the commandments and the judgments which the LORD commanded the children of Israel by the hand of Moses in the plains of Moab by the Jordan, across from Jericho.",Fixed: verse text aligned to Bolls.life reference,"The updated verse was rebuilt from the reference text. Comparison ignores punctuation, capitalization, and italic styling."
Numbers,6,17,edition difference in wording,"‘and he shall offer the ram as a sacrifice of peace offering to the LORD, with the basket of unleavened bread; the priest shall also offer its grain offering and its drink offering.","and he shall offer the ram as a sacrifice of a peace offering to the LORD, with the basket of unleavened bread; the priest shall also offer its grain offering and its drink offering.","and he shall offer the ram as a sacrifice of a peace offering to the LORD, with the basket of unleavened bread; the priest shall also offer its grain offering and its drink offering.","and he shall offer the ram as a sacrifice of a peace offering to the LORD, with the basket of unleavened bread; the priest shall also offer its grain offering and its drink offering.",Fixed: verse text aligned to Bolls.life reference,"The updated verse was rebuilt from the reference text. Comparison ignores punctuation, capitalization, and italic styling."
Obadiah,1,21,edition difference in wording,"Then saviors shall come to Mount Zion To judge the mountains of Esau, And the kingdom shall be the LORD’S. Jonah","Then saviors shall come to Mount Zion To judge the mountains of Esau, And the kingdom shall be the LORD’s.","Then saviors shall come to Mount Zion To judge the mountains of Esau, And the kingdom shall be the LORD’s.","Then saviors shall come to Mount Zion To judge the mountains of Esau, And the kingdom shall be the LORD’s.",Fixed: verse text aligned to Bolls.life reference,"The updated verse was rebuilt from the reference text. Comparison ignores punctuation, capitalization, and italic styling."
Philemon,1,25,edition difference in wording,The grace of our Lord Jesus Christ be with your spirit. Amen. Hebrews,The grace of our Lord Jesus Christ be with your spirit. Amen.,The grace of our Lord Jesus Christ be with your spirit. Amen.,The grace of our Lord Jesus Christ be with your spirit. Amen.,Fixed: verse text aligned to Bolls.life reference,"The updated verse was rebuilt from the reference text. Comparison ignores punctuation, capitalization, and italic styling."
Philippians,1,15,edition difference in wording,"Some indeed preach Christ even from envy and strife, and some also from good will:","Some indeed preach Christ even from envy and strife, and some also from goodwill:","Some indeed preach Christ even from envy and strife, and some also from goodwill:","Some indeed preach Christ even from envy and strife, and some also from goodwill:",Fixed: verse text aligned to Bolls.life reference,"The updated verse was rebuilt from the reference text. Comparison ignores punctuation, capitalization, and italic styling."
Philippians,4,23,edition difference in wording,The grace of our Lord Jesus Christ be with you all. Amen. Colossians,The grace of our Lord Jesus Christ be with you all. Amen.,The grace of our Lord Jesus Christ be with you all. Amen.,The grace of our Lord Jesus Christ be with you all. Amen.,Fixed: verse text aligned to Bolls.life reference,"The updated verse was rebuilt from the reference text. Comparison ignores punctuation, capitalization, and italic styling."
Proverbs,31,31,edition difference in wording,"Give her of the fruit of her hands, And let her own works praise her in the gates. Ecclesiastes","Give her of the fruit of her hands, And let her own works praise her in the gates.","Give her of the fruit of her hands, And let her own works praise her in the gates.","Give her of the fruit of her hands, And let her own works praise her in the gates.",Fixed: verse text aligned to Bolls.life reference,"The updated verse was rebuilt from the reference text. Comparison ignores punctuation, capitalization, and italic styling."
Proverbs,8,26,edition difference in wording,"While as yet He had not made the earth or the fields, Or the primeval dust of the world.","While as yet He had not made the earth or the fields, Or the primal dust of the world.","While as yet He had not made the earth or the fields, Or the primal dust of the world.","While as yet He had not made the earth or the fields, Or the primal dust of the world.",Fixed: verse text aligned to Bolls.life reference,"The updated verse was rebuilt from the reference text. Comparison ignores punctuation, capitalization, and italic styling."
Psalms,106,26,edition difference in wording,"Therefore He raised up His hand in an oath against them, To overthrow them in the wilderness,","Therefore He raised His hand in an oath against them, To overthrow them in the wilderness,","Therefore He raised His hand in an oath against them, To overthrow them in the wilderness,","Therefore He raised His hand in an oath against them, To overthrow them in the wilderness,",Fixed: verse text aligned to Bolls.life reference,"The updated verse was rebuilt from the reference text. Comparison ignores punctuation, capitalization, and italic styling."
Psalms,119,1,edition difference in wording,"ALEPH. Blessed are the undefiled in the way, Who walk in the law of the LORD!","Blessed are the undefiled in the way, Who walk in the law of the LORD!","Blessed are the undefiled in the way, Who walk in the law of the LORD!","Blessed are the undefiled in the way, Who walk in the law of the LORD!",Fixed: verse text aligned to Bolls.life reference,"The updated verse was rebuilt from the reference text. Comparison ignores punctuation, capitalization, and italic styling."
Psalms,119,9,edition difference in wording,BETH. How can a young man cleanse his way? By taking heed according to Your word.,How can a young man cleanse his way? By taking heed according to Your word.,How can a young man cleanse his way? By taking heed according to Your word.,How can a young man cleanse his way? By taking heed according to Your word.,Fixed: verse text aligned to Bolls.life reference,"The updated verse was rebuilt from the reference text. Comparison ignores punctuation, capitalization, and italic styling."
Psalms,119,17,edition difference in wording,"GIMEL. Deal bountifully with Your servant, That I may live and keep Your word.","Deal bountifully with Your servant, That I may live and keep Your word.","Deal bountifully with Your servant, That I may live and keep Your word.","Deal bountifully with Your servant, That I may live and keep Your word.",Fixed: verse text aligned to Bolls.life reference,"The updated verse was rebuilt from the reference text. Comparison ignores punctuation, capitalization, and italic styling."
Psalms,119,25,edition difference in wording,DALETH. My soul clings to the dust; Revive me according to Your word.,My soul clings to the dust; Revive me according to Your word.,My soul clings to the dust; Revive me according to Your word.,My soul clings to the dust; Revive me according to Your word.,Fixed: verse text aligned to Bolls.life reference,"The updated verse was rebuilt from the reference text. Comparison ignores punctuation, capitalization, and italic styling."
Psalms,119,27,edition difference in wording,Make me understand the way of Your precepts; So shall I meditate on Your wondrous works.,Make me understand the way of Your precepts; So shall I meditate on Your wonderful works.,Make me understand the way of Your precepts; So shall I meditate on Your wonderful works.,Make me understand the way of Your precepts; So shall I meditate on Your wonderful works.,Fixed: verse text aligned to Bolls.life reference,"The updated verse was rebuilt from the reference text. Comparison ignores punctuation, capitalization, and italic styling."
Psalms,119,33,edition difference in wording,"HE. Teach me, O LORD, the way of Your statutes, And I shall keep it to the end.","Teach me, O LORD, the way of Your statutes, And I shall keep it to the end.","Teach me, O LORD, the way of Your statutes, And I shall keep it to the end.","Teach me, O LORD, the way of Your statutes, And I shall keep it to the end.",Fixed: verse text aligned to Bolls.life reference,"The updated verse was rebuilt from the reference text. Comparison ignores punctuation, capitalization, and italic styling."
Psalms,119,41,edition difference in wording,"WAW. Let Your mercies come also to me, O LORD—Your salvation according to Your word.","Let Your mercies come also to me, O LORD— Your salvation according to Your word.","Let Your mercies come also to me, O LORD— Your salvation according to Your word.","Let Your mercies come also to me, O LORD— Your salvation according to Your word.",Fixed: verse text aligned to Bolls.life reference,"The updated verse was rebuilt from the reference text. Comparison ignores punctuation, capitalization, and italic styling."
Psalms,119,49,edition difference in wording,"ZAYIN. Remember the word to Your servant, Upon which You have caused me to hope.","Remember the word to Your servant, Upon which You have caused me to hope.","Remember the word to Your servant, Upon which You have caused me to hope.","Remember the word to Your servant, Upon which You have caused me to hope.",Fixed: verse text aligned to Bolls.life reference,"The updated verse was rebuilt from the reference text. Comparison ignores punctuation, capitalization, and italic styling."
Psalms,119,57,edition difference in wording,"HETH. You are my portion, O LORD; I have said that I would keep Your words.","You are my portion, O LORD; I have said that I would keep Your words.","You are my portion, O LORD; I have said that I would keep Your words.","You are my portion, O LORD; I have said that I would keep Your words.",Fixed: verse text aligned to Bolls.life reference,"The updated verse was rebuilt from the reference text. Comparison ignores punctuation, capitalization, and italic styling."
Psalms,119,65,edition difference in wording,"TETH. You have dealt well with Your servant, O LORD, according to Your word.","You have dealt well with Your servant, O LORD, according to Your word.","You have dealt well with Your servant, O LORD, according to Your word.","You have dealt well with Your servant, O LORD, according to Your word.",Fixed: verse text aligned to Bolls.life reference,"The updated verse was rebuilt from the reference text. Comparison ignores punctuation, capitalization, and italic styling."
Psalms,119,73,edition difference in wording,"YOD. Your hands have made me and fashioned me; Give me understanding, that I may learn Your commandments.","Your hands have made me and fashioned me; Give me understanding, that I may learn Your commandments.","Your hands have made me and fashioned me; Give me understanding, that I may learn Your commandments.","Your hands have made me and fashioned me; Give me understanding, that I may learn Your commandments.",Fixed: verse text aligned to Bolls.life reference,"The updated verse was rebuilt from the reference text. Comparison ignores punctuation, capitalization, and italic styling."
Psalms,119,81,edition difference in wording,"KAPH. My soul faints for Your salvation, But I hope in Your word.","My soul faints for Your salvation, But I hope in Your word.","My soul faints for Your salvation, But I hope in Your word.","My soul faints for Your salvation, But I hope in Your word.",Fixed: verse text aligned to Bolls.life reference,"The updated verse was rebuilt from the reference text. Comparison ignores punctuation, capitalization, and italic styling."
Psalms,119,89,edition difference in wording,"LAMED. Forever, O LORD, Your word is settled in heaven.","Forever, O LORD, Your word is settled in heaven.","Forever, O LORD, Your word is settled in heaven.","Forever, O LORD, Your word is settled in heaven.",Fixed: verse text aligned to Bolls.life reference,"The updated verse was rebuilt from the reference text. Comparison ignores punctuation, capitalization, and italic styling."
Psalms,119,97,edition difference in wording,"MEM. Oh, how I love Your law! It is my meditation all the day.","Oh, how I love Your law! It is my meditation all the day.","Oh, how I love Your law! It is my meditation all the day.","Oh, how I love Your law! It is my meditation all the day.",Fixed: verse text aligned to Bolls.life reference,"The updated verse was rebuilt from the reference text. Comparison ignores punctuation, capitalization, and italic styling."
Psalms,119,105,edition difference in wording,NUN. Your word is a lamp to my feet And a light to my path.,Your word is a lamp to my feet And a light to my path.,Your word is a lamp to my feet And a light to my path.,Your word is a lamp to my feet And a light to my path.,Fixed: verse text aligned to Bolls.life reference,"The updated verse was rebuilt from the reference text. Comparison ignores punctuation, capitalization, and italic styling."
Psalms,119,113,edition difference in wording,"SAMEK. I hate the double-minded, But I love Your law.","I hate the double-minded, But I love Your law.","I hate the double-minded, But I love Your law.","I hate the double-minded, But I love Your law.",Fixed: verse text aligned to Bolls.life reference,"The updated verse was rebuilt from the reference text. Comparison ignores punctuation, capitalization, and italic styling."
Psalms,119,121,edition difference in wording,AYIN. I have done justice and righteousness; Do not leave me to my oppressors.,I have done justice and righteousness; Do not leave me to my oppressors.,I have done justice and righteousness; Do not leave me to my oppressors.,I have done justice and righteousness; Do not leave me to my oppressors.,Fixed: verse text aligned to Bolls.life reference,"The updated verse was rebuilt from the reference text. Comparison ignores punctuation, capitalization, and italic styling."
Psalms,119,129,edition difference in wording,PE. Your testimonies are wonderful; Therefore my soul keeps them.,Your testimonies are wonderful; Therefore my soul keeps them.,Your testimonies are wonderful; Therefore my soul keeps them.,Your testimonies are wonderful; Therefore my soul keeps them.,Fixed: verse text aligned to Bolls.life reference,"The updated verse was rebuilt from the reference text. Comparison ignores punctuation, capitalization, and italic styling."
Psalms,119,137,edition difference in wording,"TSADDE. Righteous are You, O LORD, And upright are Your judgments.","Righteous are You, O LORD, And upright are Your judgments.","Righteous are You, O LORD, And upright are Your judgments.","Righteous are You, O LORD, And upright are Your judgments.",Fixed: verse text aligned to Bolls.life reference,"The updated verse was rebuilt from the reference text. Comparison ignores punctuation, capitalization, and italic styling."
Psalms,119,145,edition difference in wording,"QOPH. I cry out with my whole heart; Hear me, O LORD! I will keep Your statutes.","I cry out with my whole heart; Hear me, O LORD! I will keep Your statutes.","I cry out with my whole heart; Hear me, O LORD! I will keep Your statutes.","I cry out with my whole heart; Hear me, O LORD! I will keep Your statutes.",Fixed: verse text aligned to Bolls.life reference,"The updated verse was rebuilt from the reference text. Comparison ignores punctuation, capitalization, and italic styling."
Psalms,119,153,edition difference in wording,"RESH. Consider my affliction and deliver me, For I do not forget Your law.","Consider my affliction and deliver me, For I do not forget Your law.","Consider my affliction and deliver me, For I do not forget Your law.","Consider my affliction and deliver me, For I do not forget Your law.",Fixed: verse text aligned to Bolls.life reference,"The updated verse was rebuilt from the reference text. Comparison ignores punctuation, capitalization, and italic styling."
Psalms,119,161,edition difference in wording,"SHIN. Princes persecute me without a cause, But my heart stands in awe of Your word.","Princes persecute me without a cause, But my heart stands in awe of Your word.","Princes persecute me without a cause, But my heart stands in awe of Your word.","Princes persecute me without a cause, But my heart stands in awe of Your word.",Fixed: verse text aligned to Bolls.life reference,"The updated verse was rebuilt from the reference text. Comparison ignores punctuation, capitalization, and italic styling."
Psalms,119,169,edition difference in wording,"TAU. Let my cry come before You, O LORD; Give me understanding according to Your word.","Let my cry come before You, O LORD; Give me understanding according to Your word.","Let my cry come before You, O LORD; Give me understanding according to Your word.","Let my cry come before You, O LORD; Give me understanding according to Your word.",Fixed: verse text aligned to Bolls.life reference,"The updated verse was rebuilt from the reference text. Comparison ignores punctuation, capitalization, and italic styling."
Psalms,129,1,edition difference in wording,"“A Song of Ascents.” ""Many a time they have afflicted me from my youth,"" Let Israel now say—","Song of Ascents. “Many a time they have afflicted me from my youth,” Let Israel now say—","Song of Ascents. “Many a time they have afflicted me from my youth,” Let Israel now say—","Song of Ascents. “Many a time they have afflicted me from my youth,” Let Israel now say—",Fixed: verse text aligned to Bolls.life reference,"The updated verse was rebuilt from the reference text. Comparison ignores punctuation, capitalization, and italic styling."
Psalms,144,8,edition difference in wording,"Whose mouth speaks vain words, And whose right hand is a right hand of falsehood.","Whose mouth speaks lying words, And whose right hand is a right hand of falsehood.","Whose mouth speaks lying words, And whose right hand is a right hand of falsehood.","Whose mouth speaks lying words, And whose right hand is a right hand of falsehood.",Fixed: verse text aligned to Bolls.life reference,"The updated verse was rebuilt from the reference text. Comparison ignores punctuation, capitalization, and italic styling."
Psalms,150,6,edition difference in wording,Let everything that has breath praise the LORD. Praise the LORD! Proverbs,Let everything that has breath praise the LORD. Praise the LORD!,Let everything that has breath praise the LORD. Praise the LORD!,Let everything that has breath praise the LORD. Praise the LORD!,Fixed: verse text aligned to Bolls.life reference,"The updated verse was rebuilt from the reference text. Comparison ignores punctuation, capitalization, and italic styling."
Psalms,27,3,edition difference in wording,"Though an army may encamp against me, My heart shall not fear; Though war should rise against me, In this I will be confident.","Though an army may encamp against me, My heart shall not fear; Though war may rise against me, In this I will be confident.","Though an army may encamp against me, My heart shall not fear; Though war may rise against me, In this I will be confident.","Though an army may encamp against me, My heart shall not fear; Though war may rise against me, In this I will be confident.",Fixed: verse text aligned to Bolls.life reference,"The updated verse was rebuilt from the reference text. Comparison ignores punctuation, capitalization, and italic styling."
Psalms,45,1,edition difference in wording,"“To the Chief Musician. Set to ""The Lillies."" A Contemplation of the sons of Korah. A Song of Love.” My heart is overflowing with a good theme; I recite my composition concerning the King; My tongue is the pen of a ready writer.",To the Chief Musician. Set to “The Lilies.” A Contemplation of the sons of Korah. A Song of Love. My heart is overflowing with a good theme; I recite my composition concerning the King; My tongue is the pen of a ready writer.,To the Chief Musician. Set to “The Lilies.” A Contemplation of the sons of Korah. A Song of Love. My heart is overflowing with a good theme; I recite my composition concerning the King; My tongue is the pen of a ready writer.,To the Chief Musician. Set to “The Lilies.” A Contemplation of the sons of Korah. A Song of Love. My heart is overflowing with a good theme; I recite my composition concerning the King; My tongue is the pen of a ready writer.,Fixed: verse text aligned to Bolls.life reference,"The updated verse was rebuilt from the reference text. Comparison ignores punctuation, capitalization, and italic styling."
Psalms,80,1,edition difference in wording,"“To the Chief Musician. Set to ""The Lillies."" A Testimony of Asaph. A Psalm.” Give ear, O Shepherd of Israel, You who lead Joseph like a flock; You who dwell between the cherubim, shine forth!","To the Chief Musician. Set to “The Lilies.” A Testimony of Asaph. A Psalm. Give ear, O Shepherd of Israel, You who lead Joseph like a flock; You who dwell between the cherubim, shine forth!","To the Chief Musician. Set to “The Lilies.” A Testimony of Asaph. A Psalm. Give ear, O Shepherd of Israel, You who lead Joseph like a flock; You who dwell between the cherubim, shine forth!","To the Chief Musician. Set to “The Lilies.” A Testimony of Asaph. A Psalm. Give ear, O Shepherd of Israel, You who lead Joseph like a flock; You who dwell between the cherubim, shine forth!",Fixed: verse text aligned to Bolls.life reference,"The updated verse was rebuilt from the reference text. Comparison ignores punctuation, capitalization, and italic styling."
Revelation,17,11,edition difference in wording,"""And the beast that was, and is not, is himself also the eighth, and is of the seven, and is going to perdition.","The beast that was, and is not, is himself also the eighth, and is of the seven, and is going to perdition.","The beast that was, and is not, is himself also the eighth, and is of the seven, and is going to perdition.","The beast that was, and is not, is himself also the eighth, and is of the seven, and is going to perdition.",Fixed: verse text aligned to Bolls.life reference,"The updated verse was rebuilt from the reference text. Comparison ignores punctuation, capitalization, and italic styling."
Revelation,21,19,edition difference in wording,"The foundations of the wall of the city were adorned with all kinds of precious stones: the first foundation was jasper, the second sapphire, the third chalcedony, the fourth emerald,","The foundations of the wall of the city were adorned with all kinds of precious stones: the first foundation was jasper, the second sapphire, the third chalcedony, the fourth emerald,","The foundations of the wall of the city were adorned with all kinds of precious stones: the first foundation was jasper, the second sapphire, the third chalcedony, the fourth emerald,","The foundations of the wall of the city were adorned with all kinds of precious stones: the first foundation was jasper, the second sapphire, the third chalcedony, the fourth emerald,",Fixed: verse text aligned to Bolls.life reference,"The updated verse was rebuilt from the reference text. Comparison ignores punctuation, capitalization, and italic styling. The Bolls data split “was” inside its italic markup; it was corrected to the single word “was”."
Revelation,22,21,copyright notice on the last page,"The grace of our Lord Jesus Christ be with you all. Amen. New King James Version Scripture quoted by permission. Quotations designated (NKJV) are from THE HOLY BIBLE: NEW KING JAMES VERSION. Copyright © 1982 by Thomas Nelson Inc. All rights reserved. Bible text from the New King James Version is not to be reproduced in copies or otherwise by any means except as permitted in writing by Thomas Nelson, Inc., Nelson Place at Elm Hill Pike, Nashville, Tennessee, 37214-1000 Database revision date 03/28/2002. You shall NOT make copies for your friends.",The grace of our Lord Jesus Christ be with you all. Amen.,,"The grace of our Lord Jesus Christ be with you all. Amen. New King James Version Scripture quoted by permission. Quotations designated (NKJV) are from THE HOLY BIBLE: NEW KING JAMES VERSION. Copyright © 1982 by Thomas Nelson Inc. All rights reserved. Bible text from the New King James Version is not to be reproduced in copies or otherwise by any means except as permitted in writing by Thomas Nelson, Inc., Nelson Place at Elm Hill Pike, Nashville, Tennessee, 37214-1000 Database revision date 03/28/2002. You shall NOT make copies for your friends.",Left alone: retained copyright notice,The source PDF places its publisher copyright notice after Revelation 22:21. It was retained; it is not part of the verse text.
Revelation,3,12,edition difference in wording,"""He who overcomes, I will make him a pillar in the temple of My God, and he shall go out no more. And I will write on him the name of My God and the name of the city of My God, the New Jerusalem, which comes down out of heaven from My God. And I will write on him My new name.","He who overcomes, I will make him a pillar in the temple of My God, and he shall go out no more. I will write on him the name of My God and the name of the city of My God, the New Jerusalem, which comes down out of heaven from My God. And I will write on him My new name.","He who overcomes, I will make him a pillar in the temple of My God, and he shall go out no more. I will write on him the name of My God and the name of the city of My God, the New Jerusalem, which comes down out of heaven from My God. And I will write on him My new name.","He who overcomes, I will make him a pillar in the temple of My God, and he shall go out no more. I will write on him the name of My God and the name of the city of My God, the New Jerusalem, which comes down out of heaven from My God. And I will write on him My new name.",Fixed: verse text aligned to Bolls.life reference,"The updated verse was rebuilt from the reference text. Comparison ignores punctuation, capitalization, and italic styling."
Romans,16,27,edition difference in wording,"to God, alone wise, be glory through Jesus Christ forever. Amen. 1 Corinthians","to God, alone wise, be glory through Jesus Christ forever. Amen.","to God, alone wise, be glory through Jesus Christ forever. Amen.","to God, alone wise, be glory through Jesus Christ forever. Amen.",Fixed: verse text aligned to Bolls.life reference,"The updated verse was rebuilt from the reference text. Comparison ignores punctuation, capitalization, and italic styling."
Romans,9,17,edition difference in wording,"For the Scripture says to Pharaoh, ""For this very purpose I have raised you up, that I may show My power in you, and that My name may be declared in all the earth.""","For the Scripture says to the Pharaoh, “For this very purpose I have raised you up, that I may show My power in you, and that My name may be declared in all the earth.”","For the Scripture says to the Pharaoh, “For this very purpose I have raised you up, that I may show My power in you, and that My name may be declared in all the earth.”","For the Scripture says to the Pharaoh, “For this very purpose I have raised you up, that I may show My power in you, and that My name may be declared in all the earth.”",Fixed: verse text aligned to Bolls.life reference,"The updated verse was rebuilt from the reference text. Comparison ignores punctuation, capitalization, and italic styling."
Ruth,1,9,edition difference in wording,"""The LORD grant that you may find rest, each in the house of her husband."" Then she kissed them, and they lifted up their voices and wept.","The LORD grant that you may find rest, each in the house of her husband.” So she kissed them, and they lifted up their voices and wept.","The LORD grant that you may find rest, each in the house of her husband.” So she kissed them, and they lifted up their voices and wept.","The LORD grant that you may find rest, each in the house of her husband.” So she kissed them, and they lifted up their voices and wept.",Fixed: verse text aligned to Bolls.life reference,"The updated verse was rebuilt from the reference text. Comparison ignores punctuation, capitalization, and italic styling."
Ruth,3,16,edition difference in wording,"So when she came to her mother-in– law, she said, ""Is that you, my daughter?"" Then she told her all that the man had done for her.","When she came to her mother-in-law, she said, “Is that you, my daughter?” Then she told her all that the man had done for her.","When she came to her mother-in-law, she said, “Is that you, my daughter?” Then she told her all that the man had done for her.","When she came to her mother-in-law, she said, “ Is that you, my daughter?” Then she told her all that the man had done for her.",Fixed: verse text aligned to Bolls.life reference,"The updated verse was rebuilt from the reference text. Comparison ignores punctuation, capitalization, and italic styling."
Ruth,4,22,edition difference in wording,"Obed begot Jesse, and Jesse begot David. 1 Samuel","Obed begot Jesse, and Jesse begot David.","Obed begot Jesse, and Jesse begot David.","Obed begot Jesse, and Jesse begot David.",Fixed: verse text aligned to Bolls.life reference,"The updated verse was rebuilt from the reference text. Comparison ignores punctuation, capitalization, and italic styling."
Song of Solomon,1,2,Song of Solomon speaker label (print has it),THE SHULAMITE Let him kiss me with the kisses of his mouth—For your love is better than wine.,Let him kiss me with the kisses of his mouth— For your love is better than wine.,,THE SHULAMITE Let him kiss me with the kisses of his mouth—For your love is better than wine.,Left alone: retained printed speaker label,"Bolls.life omits this speaker label; the PDF includes it, so it was preserved. This remains a difference from the reference."
Song of Solomon,1,4,Song of Solomon speaker label (print has it),Draw me away! THE DAUGHTERS OF JERUSALEM We will run after you. THE SHULAMITE The king has brought me into his chambers. THE DAUGHTERS OF JERUSALEM We will be glad and rejoice in you. We will remember your love more than wine. THE SHULAMITE Rightly do they love you.,Draw me away! We will run after you. The king has brought me into his chambers. We will be glad and rejoice in you. We will remember your love more than wine. Rightly do they love you.,,Draw me away! THE DAUGHTERS OF JERUSALEM We will run after you. THE SHULAMITE The king has brought me into his chambers. THE DAUGHTERS OF JERUSALEM We will be glad and rejoice in you. We will remember your love more than wine. THE SHULAMITE Rightly do they love you.,Left alone: retained printed speaker label,"Bolls.life omits this speaker label; the PDF includes it, so it was preserved. This remains a difference from the reference."
Song of Solomon,1,7,edition difference in wording,"(TO HER BELOVED) Tell me, O you whom I love, Where you feed your flock, Where you make it rest at noon. For why should I be as one who veils herself By the flocks of your companions?","Tell me, O you whom I love, Where you feed your flock, Where you make it rest at noon. For why should I be as one who veils herself By the flocks of your companions?","Tell me, O you whom I love, Where you feed your flock, Where you make it rest at noon. For why should I be as one who veils herself By the flocks of your companions?","Tell me, O you whom I love, Where you feed your flock, Where you make it rest at noon. For why should I be as one who veils herself By the flocks of your companions?",Fixed: verse text aligned to Bolls.life reference,"The updated verse was rebuilt from the reference text. Comparison ignores punctuation, capitalization, and italic styling."
Song of Solomon,1,8,Song of Solomon speaker label (print has it),"THE BELOVED If you do not know, O fairest among women, Follow in the footsteps of the flock, And feed your little goats Beside the shepherds’ tents.","If you do not know, O fairest among women, Follow in the footsteps of the flock, And feed your little goats Beside the shepherds’ tents.",,"THE BELOVED If you do not know, O fairest among women, Follow in the footsteps of the flock, And feed your little goats Beside the shepherds’ tents.",Left alone: retained printed speaker label,"Bolls.life omits this speaker label; the PDF includes it, so it was preserved. This remains a difference from the reference."
Song of Solomon,1,11,Song of Solomon speaker label (print has it),THE DAUGHTERS OF JERUSALEM We will make you ornaments of gold With studs of silver.,We will make you ornaments of gold With studs of silver.,,THE DAUGHTERS OF JERUSALEM We will make you ornaments of gold With studs of silver.,Left alone: retained printed speaker label,"Bolls.life omits this speaker label; the PDF includes it, so it was preserved. This remains a difference from the reference."
Song of Solomon,1,12,Song of Solomon speaker label (print has it),"THE SHULAMITE While the king is at his table, My spikenard sends forth its fragrance.","While the king is at his table, My spikenard sends forth its fragrance.",,"THE SHULAMITE While the king is at his table, My spikenard sends forth its fragrance.",Left alone: retained printed speaker label,"Bolls.life omits this speaker label; the PDF includes it, so it was preserved. This remains a difference from the reference."
Song of Solomon,1,15,Song of Solomon speaker label (print has it),"THE BELOVED Behold, you are fair, my love! Behold, you are fair! You have dove’s eyes.","Behold, you are fair, my love! Behold, you are fair! You have dove’s eyes.",,"THE BELOVED Behold, you are fair, my love! Behold, you are fair! You have dove’s eyes.",Left alone: retained printed speaker label,"Bolls.life omits this speaker label; the PDF includes it, so it was preserved. This remains a difference from the reference."
Song of Solomon,1,16,Song of Solomon speaker label (print has it),"THE SHULAMITE Behold, you are handsome, my beloved! Yes, pleasant! Also our bed is green.","Behold, you are handsome, my beloved! Yes, pleasant! Also our bed is green.",,"THE SHULAMITE Behold, you are handsome, my beloved! Yes, pleasant! Also our bed is green.",Left alone: retained printed speaker label,"Bolls.life omits this speaker label; the PDF includes it, so it was preserved. This remains a difference from the reference."
Song of Solomon,2,2,Song of Solomon speaker label (print has it),"THE BELOVED Like a lily among thorns, So is my love among the daughters.","Like a lily among thorns, So is my love among the daughters.",,"THE BELOVED Like a lily among thorns, So is my love among the daughters.",Left alone: retained printed speaker label,"Bolls.life omits this speaker label; the PDF includes it, so it was preserved. This remains a difference from the reference."
Song of Solomon,2,3,Song of Solomon speaker label (print has it),"THE SHULAMITE Like an apple tree among the trees of the woods, So is my beloved among the sons. I sat down in his shade with great delight, And his fruit was sweet to my taste.","Like an apple tree among the trees of the woods, So is my beloved among the sons. I sat down in his shade with great delight, And his fruit was sweet to my taste.",,"THE SHULAMITE Like an apple tree among the trees of the woods, So is my beloved among the sons. I sat down in his shade with great delight, And his fruit was sweet to my taste.",Left alone: retained printed speaker label,"Bolls.life omits this speaker label; the PDF includes it, so it was preserved. This remains a difference from the reference."
Song of Solomon,2,4,Song of Solomon speaker label (print has it),"THE SHULAMITE TO THE DAUGHTERS OF JERUSALEM He brought me to the banqueting house, And his banner over me was love.","He brought me to the banqueting house, And his banner over me was love.",,"THE SHULAMITE TO THE DAUGHTERS OF JERUSALEM He brought me to the banqueting house, And his banner over me was love.",Left alone: retained printed speaker label,"Bolls.life omits this speaker label; the PDF includes it, so it was preserved. This remains a difference from the reference."
Song of Solomon,2,8,Song of Solomon speaker label (print has it),"THE SHULAMITE The voice of my beloved! Behold, he comes Leaping upon the mountains, Skipping upon the hills.","The voice of my beloved! Behold, he comes Leaping upon the mountains, Skipping upon the hills.",,"THE SHULAMITE The voice of my beloved! Behold, he comes Leaping upon the mountains, Skipping upon the hills.",Left alone: retained printed speaker label,"Bolls.life omits this speaker label; the PDF includes it, so it was preserved. This remains a difference from the reference."
Song of Solomon,2,15,edition difference in wording,"HER BROTHERS Catch us the foxes, The little foxes that spoil the vines, For our vines have tender grapes.","Catch us the foxes, The little foxes that spoil the vines, For our vines have tender grapes.","Catch us the foxes, The little foxes that spoil the vines, For our vines have tender grapes.","Catch us the foxes, The little foxes that spoil the vines, For our vines have tender grapes.",Fixed: verse text aligned to Bolls.life reference,"The updated verse was rebuilt from the reference text. Comparison ignores punctuation, capitalization, and italic styling."
Song of Solomon,2,16,Song of Solomon speaker label (print has it),"THE SHULAMITE My beloved is mine, and I am his. He feeds his flock among the lilies.","My beloved is mine, and I am his. He feeds his flock among the lilies.",,"THE SHULAMITE My beloved is mine, and I am his. He feeds his flock among the lilies.",Left alone: retained printed speaker label,"Bolls.life omits this speaker label; the PDF includes it, so it was preserved. This remains a difference from the reference."
Song of Solomon,2,17,edition difference in wording,"(TO HER BELOVED) Until the day breaks And the shadows flee away, Turn, my beloved, And be like a gazelle Or a young stag Upon the mountains of Bether.","Until the day breaks And the shadows flee away, Turn, my beloved, And be like a gazelle Or a young stag Upon the mountains of Bether.","Until the day breaks And the shadows flee away, Turn, my beloved, And be like a gazelle Or a young stag Upon the mountains of Bether.","Until the day breaks And the shadows flee away, Turn, my beloved, And be like a gazelle Or a young stag Upon the mountains of Bether.",Fixed: verse text aligned to Bolls.life reference,"The updated verse was rebuilt from the reference text. Comparison ignores punctuation, capitalization, and italic styling."
Song of Solomon,3,1,Song of Solomon speaker label (print has it),"THE SHULAMITE By night on my bed I sought the one I love; I sought him, but I did not find him.","By night on my bed I sought the one I love; I sought him, but I did not find him.",,"THE SHULAMITE By night on my bed I sought the one I love; I sought him, but I did not find him.",Left alone: retained printed speaker label,"Bolls.life omits this speaker label; the PDF includes it, so it was preserved. This remains a difference from the reference."
Song of Solomon,3,6,Song of Solomon speaker label (print has it),"THE SHULAMITE Who is this coming out of the wilderness Like pillars of smoke, Perfumed with myrrh and frankincense, With all the merchant’s fragrant powders?","Who is this coming out of the wilderness Like pillars of smoke, Perfumed with myrrh and frankincense, With all the merchant’s fragrant powders?",,"THE SHULAMITE Who is this coming out of the wilderness Like pillars of smoke, Perfumed with myrrh and frankincense, With all the merchant’s fragrant powders?",Left alone: retained printed speaker label,"Bolls.life omits this speaker label; the PDF includes it, so it was preserved. This remains a difference from the reference."
Song of Solomon,4,1,Song of Solomon speaker label (print has it),"THE BELOVED Behold, you are fair, my love! Behold, you are fair! You have dove’s eyes behind your veil. Your hair is like a flock of goats, Going down from Mount Gilead.","Behold, you are fair, my love! Behold, you are fair! You have dove’s eyes behind your veil. Your hair is like a flock of goats, Going down from Mount Gilead.",,"THE BELOVED Behold, you are fair, my love! Behold, you are fair! You have dove’s eyes behind your veil. Your hair is like a flock of goats, Going down from Mount Gilead.",Left alone: retained printed speaker label,"Bolls.life omits this speaker label; the PDF includes it, so it was preserved. This remains a difference from the reference."
Song of Solomon,4,16,Song of Solomon speaker label (print has it),"THE SHULAMITE Awake, O north wind, And come, O south! Blow upon my garden, That its spices may flow out. Let my beloved come to his garden And eat its pleasant fruits.","Awake, O north wind, And come, O south! Blow upon my garden, That its spices may flow out. Let my beloved come to his garden And eat its pleasant fruits.",,"THE SHULAMITE Awake, O north wind, And come, O south! Blow upon my garden, That its spices may flow out. Let my beloved come to his garden And eat its pleasant fruits.",Left alone: retained printed speaker label,"Bolls.life omits this speaker label; the PDF includes it, so it was preserved. This remains a difference from the reference."
Song of Solomon,5,1,Song of Solomon speaker label (print has it),"THE BELOVED I have come to my garden, my sister, my spouse; I have gathered my myrrh with my spice; I have eaten my honeycomb with my honey; I have drunk my wine with my milk. (TO HIS FRIENDS) Eat, O friends! Drink, yes, drink deeply, O beloved ones!","I have come to my garden, my sister, my spouse; I have gathered my myrrh with my spice; I have eaten my honeycomb with my honey; I have drunk my wine with my milk. Eat, O friends! Drink, yes, drink deeply, O beloved ones!",,"THE BELOVED I have come to my garden, my sister, my spouse; I have gathered my myrrh with my spice; I have eaten my honeycomb with my honey; I have drunk my wine with my milk. (TO HIS FRIENDS) Eat, O friends! Drink, yes, drink deeply, O beloved ones!",Left alone: retained printed speaker label,"Bolls.life omits this speaker label; the PDF includes it, so it was preserved. This remains a difference from the reference."
Song of Solomon,5,2,Song of Solomon speaker label (print has it),"THE SHULAMITE I sleep, but my heart is awake; It is the voice of my beloved! He knocks, saying, ""Open for me, my sister, my love, My dove, my perfect one; For my head is covered with dew, My locks with the drops of the night.""","I sleep, but my heart is awake; It is the voice of my beloved! He knocks, saying, “Open for me, my sister, my love, My dove, my perfect one; For my head is covered with dew, My locks with the drops of the night.”",,"THE SHULAMITE I sleep, but my heart is awake; It is the voice of my beloved! He knocks, saying, ""Open for me, my sister, my love, My dove, my perfect one; For my head is covered with dew, My locks with the drops of the night.""",Left alone: retained printed speaker label,"Bolls.life omits this speaker label; the PDF includes it, so it was preserved. This remains a difference from the reference."
Song of Solomon,5,9,Song of Solomon speaker label (print has it),"THE DAUGHTERS OF JERUSALEM What is your beloved More than another beloved, O fairest among women? What is your beloved More than another beloved, That you so charge us?","What is your beloved More than another beloved, O fairest among women? What is your beloved More than another beloved, That you so charge us?",,"THE DAUGHTERS OF JERUSALEM What is your beloved More than another beloved, O fairest among women? What is your beloved More than another beloved, That you so charge us?",Left alone: retained printed speaker label,"Bolls.life omits this speaker label; the PDF includes it, so it was preserved. This remains a difference from the reference."
Song of Solomon,5,10,Song of Solomon speaker label (print has it),"THE SHULAMITE My beloved is white and ruddy, Chief among ten thousand.","My beloved is white and ruddy, Chief among ten thousand.",,"THE SHULAMITE My beloved is white and ruddy, Chief among ten thousand.",Left alone: retained printed speaker label,"Bolls.life omits this speaker label; the PDF includes it, so it was preserved. This remains a difference from the reference."
Song of Solomon,6,1,Song of Solomon speaker label (print has it),"THE DAUGHTERS OF JERUSALEM Where has your beloved gone, O fairest among women? Where has your beloved turned aside, That we may seek him with you?","Where has your beloved gone, O fairest among women? Where has your beloved turned aside, That we may seek him with you?",,"THE DAUGHTERS OF JERUSALEM Where has your beloved gone, O fairest among women? Where has your beloved turned aside, That we may seek him with you?",Left alone: retained printed speaker label,"Bolls.life omits this speaker label; the PDF includes it, so it was preserved. This remains a difference from the reference."
Song of Solomon,6,2,Song of Solomon speaker label (print has it),"THE SHULAMITE My beloved has gone to his garden, To the beds of spices, To feed his flock in the gardens, And to gather lilies.","My beloved has gone to his garden, To the beds of spices, To feed his flock in the gardens, And to gather lilies.",,"THE SHULAMITE My beloved has gone to his garden, To the beds of spices, To feed his flock in the gardens, And to gather lilies.",Left alone: retained printed speaker label,"Bolls.life omits this speaker label; the PDF includes it, so it was preserved. This remains a difference from the reference."
Song of Solomon,6,4,Song of Solomon speaker label (print has it),"THE BELOVED O my love, you are as beautiful as Tirzah, Lovely as Jerusalem, Awesome as an army with banners!","O my love, you are as beautiful as Tirzah, Lovely as Jerusalem, Awesome as an army with banners!",,"THE BELOVED O my love, you are as beautiful as Tirzah, Lovely as Jerusalem, Awesome as an army with banners!",Left alone: retained printed speaker label,"Bolls.life omits this speaker label; the PDF includes it, so it was preserved. This remains a difference from the reference."
Song of Solomon,6,11,Song of Solomon speaker label (print has it),"THE SHULAMITE I went down to the garden of nuts To see the verdure of the valley, To see whether the vine had budded And the pomegranates had bloomed.","I went down to the garden of nuts To see the verdure of the valley, To see whether the vine had budded And the pomegranates had bloomed.",,"THE SHULAMITE I went down to the garden of nuts To see the verdure of the valley, To see whether the vine had budded And the pomegranates had bloomed.",Left alone: retained printed speaker label,"Bolls.life omits this speaker label; the PDF includes it, so it was preserved. This remains a difference from the reference."
Song of Solomon,6,13,Song of Solomon speaker label (print has it),"THE BELOVED AND HIS FRIENDS Return, return, O Shulamite; Return, return, that we may look upon you! THE SHULAMITE What would you see in the Shulamite—As it were, the dance of the two camps?","Return, return, O Shulamite; Return, return, that we may look upon you! What would you see in the Shulamite— As it were, the dance of the two camps?",,"THE BELOVED AND HIS FRIENDS Return, return, O Shulamite; Return, return, that we may look upon you! THE SHULAMITE What would you see in the Shulamite—As it were, the dance of the two camps?",Left alone: retained printed speaker label,"Bolls.life omits this speaker label; the PDF includes it, so it was preserved. This remains a difference from the reference."
Song of Solomon,7,1,Song of Solomon speaker label (print has it),"THE BELOVED How beautiful are your feet in sandals, O prince’s daughter! The curves of your thighs are like jewels, The work of the hands of a skillful workman.","How beautiful are your feet in sandals, O prince’s daughter! The curves of your thighs are like jewels, The work of the hands of a skillful workman.",,"THE BELOVED How beautiful are your feet in sandals, O prince’s daughter! The curves of your thighs are like jewels, The work of the hands of a skillful workman.",Left alone: retained printed speaker label,"Bolls.life omits this speaker label; the PDF includes it, so it was preserved. This remains a difference from the reference."
Song of Solomon,7,9,Song of Solomon speaker label (print has it),"And the roof of your mouth like the best wine. THE SHULAMITE The wine goes down smoothly for my beloved, Moving gently the lips of sleepers.","And the roof of your mouth like the best wine. The wine goes down smoothly for my beloved, Moving gently the lips of sleepers.",,"And the roof of your mouth like the best wine. THE SHULAMITE The wine goes down smoothly for my beloved, Moving gently the lips of sleepers.",Left alone: retained printed speaker label,"Bolls.life omits this speaker label; the PDF includes it, so it was preserved. This remains a difference from the reference."
Song of Solomon,8,3,Song of Solomon speaker label (print has it),"(TO THE DAUGHTERS OF JERUSALEM) His left hand is under my head, And his right hand embraces me.","His left hand is under my head, And his right hand embraces me.",,"(TO THE DAUGHTERS OF JERUSALEM) His left hand is under my head, And his right hand embraces me.",Left alone: retained printed speaker label,"Bolls.life omits this speaker label; the PDF includes it, so it was preserved. This remains a difference from the reference."
Song of Solomon,8,5,edition difference in wording,"A RELATIVE Who is this coming up from the wilderness, Leaning upon her beloved? I awakened you under the apple tree. There your mother brought you forth; There she who bore you brought you forth.","Who is this coming up from the wilderness, Leaning upon her beloved? I awakened you under the apple tree. There your mother brought you forth; There she who bore you brought you forth.","Who is this coming up from the wilderness, Leaning upon her beloved? I awakened you under the apple tree. There your mother brought you forth; There she who bore you brought you forth.","Who is this coming up from the wilderness, Leaning upon her beloved? I awakened you under the apple tree. There your mother brought you forth; There she who bore you brought you forth.",Fixed: verse text aligned to Bolls.life reference,"The updated verse was rebuilt from the reference text. Comparison ignores punctuation, capitalization, and italic styling."
Song of Solomon,8,6,Song of Solomon speaker label (print has it),"THE SHULAMITE TO HER BELOVED Set me as a seal upon your heart, As a seal upon your arm; For love is as strong as death, Jealousy as cruel as the grave; Its flames are flames of fire, A most vehement flame.","Set me as a seal upon your heart, As a seal upon your arm; For love is as strong as death, Jealousy as cruel as the grave; Its flames are flames of fire, A most vehement flame.",,"THE SHULAMITE TO HER BELOVED Set me as a seal upon your heart, As a seal upon your arm; For love is as strong as death, Jealousy as cruel as the grave; Its flames are flames of fire, A most vehement flame.",Left alone: retained printed speaker label,"Bolls.life omits this speaker label; the PDF includes it, so it was preserved. This remains a difference from the reference."
Song of Solomon,8,8,Song of Solomon speaker label (print has it),"THE SHULAMITE’S BROTHERS We have a little sister, And she has no breasts. What shall we do for our sister In the day when she is spoken for?","We have a little sister, And she has no breasts. What shall we do for our sister In the day when she is spoken for?",,"THE SHULAMITE’S BROTHERS We have a little sister, And she has no breasts. What shall we do for our sister In the day when she is spoken for?",Left alone: retained printed speaker label,"Bolls.life omits this speaker label; the PDF includes it, so it was preserved. This remains a difference from the reference."
Song of Solomon,8,10,Song of Solomon speaker label (print has it),"THE SHULAMITE I am a wall, And my breasts like towers; Then I became in his eyes As one who found peace.","I am a wall, And my breasts like towers; Then I became in his eyes As one who found peace.",,"THE SHULAMITE I am a wall, And my breasts like towers; Then I became in his eyes As one who found peace.",Left alone: retained printed speaker label,"Bolls.life omits this speaker label; the PDF includes it, so it was preserved. This remains a difference from the reference."
Song of Solomon,8,12,edition difference in wording,"(TO SOLOMON) My own vineyard is before me. You, O Solomon, may have a thousand, And those who tend its fruit two hundred.","My own vineyard is before me. You, O Solomon, may have a thousand, And those who tend its fruit two hundred.","My own vineyard is before me. You, O Solomon, may have a thousand, And those who tend its fruit two hundred.","My own vineyard is before me. You, O Solomon, may have a thousand, And those who tend its fruit two hundred.",Fixed: verse text aligned to Bolls.life reference,"The updated verse was rebuilt from the reference text. Comparison ignores punctuation, capitalization, and italic styling."
Song of Solomon,8,13,Song of Solomon speaker label (print has it),"THE BELOVED You who dwell in the gardens, The companions listen for your voice—Let me hear it!","You who dwell in the gardens, The companions listen for your voice— Let me hear it!",,"THE BELOVED You who dwell in the gardens, The companions listen for your voice—Let me hear it!",Left alone: retained printed speaker label,"Bolls.life omits this speaker label; the PDF includes it, so it was preserved. This remains a difference from the reference."
Song of Solomon,8,14,Song of Solomon speaker label (print has it),"THE SHULAMITE Make haste, my beloved, And be like a gazelle Or a young stag On the mountains of spices. Isaiah","Make haste, my beloved, And be like a gazelle Or a young stag On the mountains of spices.","THE SHULAMITE Make haste, my beloved, And be like a gazelle Or a young stag On the mountains of spices.","THE SHULAMITE Make haste, my beloved, And be like a gazelle Or a young stag On the mountains of spices.",Partly fixed: removed stray “Isaiah”; kept speaker label,“THE SHULAMITE” was retained from the PDF because Bolls.life omits Song of Solomon speaker labels. The extra next-book word “Isaiah” was removed. This verse remains one of the final reference mismatches because the label remains.
Titus,3,15,edition difference in wording,All who are with me greet you. Greet those who love us in the faith. Grace be with you all. Amen. Philemon,All who are with me greet you. Greet those who love us in the faith. Grace be with you all. Amen.,All who are with me greet you. Greet those who love us in the faith. Grace be with you all. Amen.,All who are with me greet you. Greet those who love us in the faith. Grace be with you all. Amen.,Fixed: verse text aligned to Bolls.life reference,"The updated verse was rebuilt from the reference text. Comparison ignores punctuation, capitalization, and italic styling."
Zechariah,14,10,edition difference in wording,"All the land shall be turned into a plain from Geba to Rimmon south of Jerusalem. Jerusalem shall be raised up and inhabited in her place from Benjamin’s Gate to the place of the First Gate and the Corner Gate, and from the Tower of Hananeel to the king’s winepresses.","All the land shall be turned into a plain from Geba to Rimmon south of Jerusalem. Jerusalem shall be raised up and inhabited in her place from Benjamin’s Gate to the place of the First Gate and the Corner Gate, and from the Tower of Hananel to the king’s winepresses.","All the land shall be turned into a plain from Geba to Rimmon south of Jerusalem. Jerusalem shall be raised up and inhabited in her place from Benjamin’s Gate to the place of the First Gate and the Corner Gate, and from the Tower of Hananel to the king’s winepresses.","All the land shall be turned into a plain from Geba to Rimmon south of Jerusalem. Jerusalem shall be raised up and inhabited in her place from Benjamin’s Gate to the place of the First Gate and the Corner Gate, and from the Tower of Hananel to the king’s winepresses.",Fixed: verse text aligned to Bolls.life reference,"The updated verse was rebuilt from the reference text. Comparison ignores punctuation, capitalization, and italic styling."
Zechariah,14,21,edition difference in wording,"Yes, every pot in Jerusalem and Judah shall be holiness to the LORD of hosts. Everyone who sacrifices shall come and take them and cook in them. In that day there shall no longer be a Canaanite in the house of the LORD of hosts. Malachi","Yes, every pot in Jerusalem and Judah shall be holiness to the LORD of hosts. Everyone who sacrifices shall come and take them and cook in them. In that day there shall no longer be a Canaanite in the house of the LORD of hosts.","Yes, every pot in Jerusalem and Judah shall be holiness to the LORD of hosts. Everyone who sacrifices shall come and take them and cook in them. In that day there shall no longer be a Canaanite in the house of the LORD of hosts.","Yes, every pot in Jerusalem and Judah shall be holiness to the LORD of hosts. Everyone who sacrifices shall come and take them and cook in them. In that day there shall no longer be a Canaanite in the house of the LORD of hosts.",Fixed: verse text aligned to Bolls.life reference,"The updated verse was rebuilt from the reference text. Comparison ignores punctuation, capitalization, and italic styling."
Zephaniah,3,20,edition difference in wording,"At that time I will bring you back, Even at the time I gather you; For I will give you fame and praise Among all the peoples of the earth, When I return your captives before your eyes,"" Says the LORD. Haggai","At that time I will bring you back, Even at the time I gather you; For I will give you fame and praise Among all the peoples of the earth, When I return your captives before your eyes,” Says the LORD.","At that time I will bring you back, Even at the time I gather you; For I will give you fame and praise Among all the peoples of the earth, When I return your captives before your eyes,” Says the LORD.","At that time I will bring you back, Even at the time I gather you; For I will give you fame and praise Among all the peoples of the earth, When I return your captives before your eyes,” Says the LORD.",Fixed: verse text aligned to Bolls.life reference,"The updated verse was rebuilt from the reference text. Comparison ignores punctuation, capitalization, and italic styling."
